Workbook
Name A_ApplianceStarRating: [1]V5ToolData!$BP$5:$BP$20
Name A_ApplianceStarRatingEnergy: [1]V5ToolData!$BP$6:$BV$20
Name A_DHWTankSelection: [1]!A_DHWTank[[#All],[DHWTank]]
Name A_DHWTankSelection: [1]!A_DHWTank[[#All],[DHWTank]]
Name A_EastWestWallLength: [1]V5Calc!$D$27
Name A_EquatorialWallLength: [1]V5Calc!$D$26
Name A_Occupancy: [1]Verification!$F$29
Name A_RefBldg: [1]Variants!$D$752
Name A_RefBldgAirtightness: [1]Variants!$D$754
Name A_RefBldgWallAreas: [1]Areas!$V$136:$V$139
Name A_RefBldgWindowVent: [1]Variants!$D$755
Name A_SimpleModel: [1]Summary!$H$66
Name A_TFA: [1]Summary!$K$59
Name AdjacentBC: [1]!A_AdjacentBC[AdjacentBC]
Name AdjacentBC: [1]!A_AdjacentBC[AdjacentBC]
Name Are_Urinals_installed?: #REF!
Name Are_Urinals_installed?: #REF!
Name Are_Urinals_installed?: #REF!
Name Are_Urinals_installed?: #REF!
Name checklist: Data!$A$195:$A$197
Name Daten_BHKW_Faktoren: Data!#REF!
Name Daten_BHKW_Name: Data!#REF!
Name Daten_CO2_Faktoren_Eigene_Eingabe: Data!#REF!
Name Daten_Eigene_Energietraeger_Faktoren: Data!#REF!
Name Daten_Eigene_Energietraeger_Namen: Data!#REF!
Name Daten_PE_Faktoren_Eigene_Eingabe: Data!#REF!
Name DuctedElectricHeatPump: #REF!
Name DuctedElectricHeatPump: #REF!
Name DuctedElectricHeatPump: #REF!
Name DuctedElectricHeatPump: #REF!
Name DuctedElectricHeatPumpGeneric: #REF!
Name DuctedElectricHeatPumpGeneric: #REF!
Name DuctedElectricHeatPumpGeneric: #REF!
Name ECCHO_vent: Data!#REF!
Name ElectricResistive: #REF!
Name ElectricResistive: #REF!
Name ElectricResistive: #REF!
Name ElectricResistiveGeneric: #REF!
Name ElectricResistiveGeneric: #REF!
Name ElectricResistiveGeneric: #REF!
Name ElectricUnderfloorHeating: #REF!
Name ElectricUnderfloorHeating: #REF!
Name ElectricUnderfloorHeating: #REF!
Name ElectricUnderfloorHeatingGeneric: #REF!
Name Ene1_headingsEC: '[2]Ecology Calculator'!$B$5,'[2]Ecology Calculator'!$B$7,'[2]Ecology Calculator'!$B$9:$F$10,'[2]Ecology Calculator'!$B$11:$B$31,'[2]Ecology Calculator'!$D$28:$F$31
Name Enecon_headingsEC: '[2]Ecology Calculator'!$B$5,'[2]Ecology Calculator'!$B$7,'[2]Ecology Calculator'!$B$9:$F$10,'[2]Ecology Calculator'!$B$11:$B$31,'[2]Ecology Calculator'!$D$28:$F$31
Name equipment: #REF!
Name Erdreich_Gebaeudedaten_Flaeche_Bodenplatte: [1]Ground!$H$18
Name Erdreich_Gebaeudedaten_Flaeche_Bodenplatte2: [1]Ground!$AB$18
Name Fenster_Auslegungstemperatur_Eigene_Eingabe: [1]Windows!$BR$17
Name Fernwaerme_Nutzungsgrad_Waermeuebergabestation: '[1]District heating'!$Q$38
Name Fernwaerme_Waermequelle: '[1]District heating'!$N$21
Name Fields: #REF!,#REF!,#REF!,#REF!,#REF!,#REF!,#REF!,#REF!
Name Fields: #REF!,#REF!,#REF!,#REF!,#REF!,#REF!,#REF!,#REF!
Name Fields: #REF!,#REF!,#REF!,#REF!,#REF!,#REF!,#REF!,#REF!
Name Flaechen_Flaecheneingabe_U_Wert_Aussentuer: [1]Areas!$AE$40
Name Headings: #REF!,#REF!,#REF!,#REF!,#REF!
Name Headings: #REF!,#REF!,#REF!,#REF!,#REF!
Name Headings: #REF!,#REF!,#REF!,#REF!,#REF!
Name Headings2: '[3]Transport Calculator'!$B$5:$B$11,'[3]Transport Calculator'!$C$5:$D$7,'[3]Transport Calculator'!$B$14:$B$20,'[3]Transport Calculator'!$C$14:$D$16,'[3]Transport Calculator'!$C$22:$D$22

Sheet Summary
C10: Calculation Tool | D10: HSTT12
C11: For resource efficiency, water use, site water and ecology, natural lighting, healthy materials and sustainble materials
C14: General details
C15: Building Type
C16: Territorial Authority
C17: H1 Climate Zone (4th Edition) | D17: =VLOOKUP($D$16,HS_Location_Master,6, FALSE) -> #N/A
C18: H1 Climate Zone (5th Edition) | D18: =VLOOKUP($D$16,HS_Location_Master,9, FALSE) -> #N/A
C19: Overheating Region | D19: =VLOOKUP($D$16,HS_Location_Master,5, FALSE) -> #N/A
C20: Water Region | D20: =VLOOKUP($D$16,HS_Location_Master,7, FALSE) -> #N/A
C21: Total building footprint of project (m2) | E21: Only required if EN5 points are claimed
C22: Total conditioned area of the dwelling (m2)
C23: Number of Bedrooms in dwelling (0 if studio) | E23: Please enter 0 for studio
C28: Points Summary | D28: Each of the calculator tabs will show a detailed breakdown of where points were achieved
C29: Efficient
C30: EF1 Resource Efficiency | D30: =IFERROR(DRE!$P$8,0) -> 4
C31: EF2 Urban Density | D31: =DRE!P9 -> 0
C32: EF3 Water use | D32: ='Water Calculator'!$F$6+'Water Calculator'!$F$7 -> 0
C35: Healthy and Comfortable
C36: HC5 Natural light | D36: ='Natural Light Calculator'!$D$7 -> 0
C37: HC7 Healthy materials | D37: ='Materials Calculator'!H9 -> 0
C40: Environmentally Responsible
C41: EN3 Sustainable materials | D41: ='Materials Calculator'!D9 -> 0
C42: EN5 Site water and ecology | D42: ='Water Calculator'!$F$8+'Water Calculator'!$F$9+'Water Calculator'!$F$10+'Water Calculator'!$F$11 -> 0 | G42: Release version
G43: 45642 | H43: v5_1_5 update

Sheet Overheating
C2: Risk Based review to Overheating
C4: Checklist of factors to highlight weather full dynamic simulation is recommended
C5: Overheating is likely to be present in dwellings with large glazing areas, in a city, minimal shading, north facing windows, single aspect, or limited opening windows.
C7: Overall risk factor | D7: =IF(COUNTIF(E14:L33,"-")>=1,"Please fill in all cells",CONCATENATE(Data!$A$60,"/",54)) -> Please fill in all cells
C9: =IF(D7="Please fill in all cells","",CONCATENATE(IF(Data!A60>=Data!A63,Data!B63,""),IF(AND(Data!A60>Data!A65,Data!A60<Data!A63),Data!B64,""),IF(Data!A60<=Data!A65,Data!B65,"")))
C12: Exacerbation Factors - Increase the risk of overheating occurring | J12: Mitigation Factors - Reduce the risk of overheating occurring
B14: Site Measures | C14: Factor One: | D14: Where in New Zealand is the site? | E14: =IF(Summary!D19="","-",Summary!D19) -> #N/A | F14: =VLOOKUP(E14,LocationTable,16,FALSE) -> #N/A | J14: Factor Eight: | K14: Is the dwelling shaded from surrounding buildings or foliage within a distance equivalent to the height? | L14: - | M14: =VLOOKUP(L14,Data!$A$4:$B$61,2,FALSE) -> n/a
C15: Site location | F15: =IFERROR((IF(F14="Low risk",Data!$A$68,0)+IF(F14="Medium risk",Data!$A$69,0)+IF(F14="High risk",Data!$A$70,0))*RIGHT(G15,1),0) -> 0 | G15: X3 | J15: Site shading | M15: =IFERROR((IF(M14="Low risk",Data!$A$68,0)+IF(M14="Medium risk",Data!$A$69,0)+IF(M14="High risk",Data!$A$70,0))*RIGHT(N15,1),0) -> 0 | N15: X1
C17: Factor Two | D17: Is the dwellings site rural, suburban, or in a city? | E17: - | F17: =VLOOKUP(E17,Data!$A$4:$B$61,2,FALSE) -> n/a | J17: Factor Nine: | K17: What level of shading does the eves or shading device provide? | L17: - | M17: =VLOOKUP(L17,Data!$A$4:$B$61,2,FALSE) -> n/a
C18: Urban heat island | F18: =IFERROR((IF(F17="Low risk",Data!$A$68,0)+IF(F17="Medium risk",Data!$A$69,0)+IF(F17="High risk",Data!$A$70,0))*RIGHT(G18,1),0) -> 0 | G18: X1 | J18: External shading | M18: =IFERROR((IF(M17="Low risk",Data!$A$69,0)+IF(M17="Medium risk",Data!$A$68,0)+IF(M17="High risk",Data!$A$68,0))*RIGHT(N18,1),0) -> 0 | N18: X2
C20: Factor Three: | D20: How many of the following are barriers to opening windows? Noise level, Poor air quality, Security. | E20: - | F20: =VLOOKUP(E20,Data!$A$4:$B$61,2,FALSE) -> n/a | J20: Factor Ten: | K20: Is the dwelling constructed out of high mass materials with a quiet and secure method to ventilate at night? | L20: - | M20: =VLOOKUP(L20,Data!$A$4:$B$61,2,FALSE) -> n/a
C21: Open window period | F21: =IFERROR((IF(F20="Low risk",Data!$A$68,0)+IF(F20="Medium risk",Data!$A$69,0)+IF(F20="High risk",Data!$A$70,0))*RIGHT(G21,1),0) -> 0 | G21: X3 | J21: Thermal mass | M21: =IFERROR((IF(M20="Low risk",Data!$A$70,0)+IF(M20="Medium risk",Data!$A$69,0)+IF(M20="High risk",Data!$A$68,0))*RIGHT(N21,1),0) -> 0 | N21: X1
B23: Passive Measures | C23: Factor Four: | D23: What is the typology of the dwelling? | E23: - | F23: =VLOOKUP(E23,Data!$A$4:$B$61,2,FALSE) -> n/a | J23: Factor Eleven: | K23: Are windows able to fully open? | L23: - | M23: =VLOOKUP(L23,Data!$A$4:$B$61,2,FALSE) -> n/a
C24: External heat loss | F24: =IFERROR((IF(F23="Low risk",Data!$A$68,0)+IF(F23="Medium risk",Data!$A$69,0)+IF(F23="High risk",Data!$A$70,0))*RIGHT(G24,1),0) -> 0 | G24: X2 | J24: Openable window | M24: =IFERROR((IF(M23="Low risk",Data!$A$68,0)+IF(M23="Medium risk",Data!$A$69,0)+IF(M23="High risk",Data!$A$70,0))*RIGHT(N24,1),0) -> 0 | N24: X2
C26: Factor Five: | D26: Percentage of window area to total floor area. | E26: - | F26: =VLOOKUP(E26,Data!$A$4:$B$61,2,FALSE) -> n/a | J26: Factor Twelve: | K26: Is there a form of continuous mechanical ventilation? | L26: - | M26: =VLOOKUP(L26,Data!$A$4:$B$61,2,FALSE) -> n/a
C27: Glazing | F27: =IFERROR((IF(F26="Low risk",Data!$A$68,0)+IF(F26="Medium risk",Data!$A$69,0)+IF(F26="High risk",Data!$A$70,0))*RIGHT(G27,1),0) -> 0 | G27: X4 | J27: Mechanical ventilation | M27: =IFERROR((IF(M26="Low risk",Data!$A$68,0)+IF(M26="Medium risk",Data!$A$69,0)+IF(M26="High risk",Data!$A$70,0))*RIGHT(N27,1),0) -> 0 | N27: X1
C29: Factor Six: | D29: Is there an unobstructed path for airflow through the dwelling? | E29: - | F29: =VLOOKUP(E29,Data!$A$4:$B$61,2,FALSE) -> n/a | L29: Subtotal | M29: =SUM(M14:M27) -> 0
C30: Natural ventilation | F30: =IFERROR((IF(F29="Low risk",Data!$A$68,0)+IF(F29="Medium risk",Data!$A$69,0)+IF(F29="High risk",Data!$A$70,0))*RIGHT(G30,1),0) -> 0 | G30: X2
C32: Factor Seven: | D32: What direction do most bedroom windows face? | E32: - | F32: =VLOOKUP(E32,Data!$A$4:$B$61,2,FALSE) -> n/a
C33: Orientation | F33: =IFERROR((IF(F32="Low risk",Data!$A$68,0)+IF(F32="Medium risk",Data!$A$69,0)+IF(F32="High risk",Data!$A$70,0))*RIGHT(G33,1),0) -> 0 | G33: X3
E35: Subtotal | F35: =SUM(F14:F33) -> #N/A

Sheet Water Calculator
D5: Total Points
D6: EF3 | E6: Water efficiency | F6: =E162 -> 0
E7: Rainwater | F7: =IFERROR(IF(D35="yes",IF($D$92="Apartment",$M$158,$I$158),0),0) -> 0
D8: EN5 | E8: Brownfield | F8: =IF(P106,0.5,0) -> 0
E9: Stormwater | F9: =E190 -> 0
E10: Native Planting | F10: =J190 -> 0
E11: WSUD | F11: =IF(P107,1,0) -> 0 | K11: Flow Rates and WELS Ratings Table
K13: Fixture | L13: WELS Rating | M13: Max Flow
C14: Part A: EF3 Gross indoor individual water use | K14: Shower | L14: 1 | M14: 16 | N14: (L/min)
C15: Indoor water use summary - Enter tested flow rates or check WELS rating labels | G15: Use L/person | H15: Use % | L15: 2 | M15: 12 | N15: (L/min)
C16: Worst case shower (L/min) | G16: =IF(D16="",12,D16)*6.21*IF(G20>0,4.37/5.6,1) -> 74.52 | H16: =G16/$G$27 -> 0.45245902 | I16: Mandatory | L16: 3 | M16: 9 | N16: (L/min)
C17: Toilet (L Full Flush / L Half Flush ) | E17: / | G17: =IF(AND(D17="",F17=""),(6+(3*4)),IF(D17+F17=D17,D17*5,(4*F17)+D17)) -> 18 | H17: =G17/$G$27 -> 0.10928962 | I17: Mandatory | L17: 3* | M17: 7.5 | N17: (L/min)
C18: Worst case kitchen and laundry tap (L/min) | G18: =(IF(D18="",12,D18)*0.44)+10.36 -> 15.64 | H18: =G18/$G$27 -> 0.094960534 | I18: Optional | K18: Tapware | L18: 4 | M18: 7.5 | N18: (L/min)
C19: Worst case basin tap (L/min) | G19: =(IF(D19="",12,D19)*1.58)+1.58 -> 20.54 | H19: =G19/$G$27 -> 0.1247116 | I19: Optional | L19: 5 | M19: 6 | N19: (L/min)
C20: Bath (if present) - Capacity to Overflow (L) | G20: =D20*0.11 -> 0 | H20: =G20/$G$27 -> 0 | I20: Optional | L20: 6 | M20: 4.5 | N20: (L/min)
C21: Dish washer (L/ Cycle) / Number of place settings | E21: / | G21: =IFERROR(IF(D21/F21=0,1.25,D21/F21),1.25)*3.6 -> 4.5 | H21: =G21/$G$27 -> 0.027322404 | I21: Optional | K21: Toilet | L21: 3 | M21: 6/3 | N21: (L/flush) Full/Half
C22: Washing machine (L/ Cycle) / Load capacity (Kg) | E22: / | G22: =IFERROR(IF(D22/F22=0,15,D22/F22),15)*2.1 -> 31.5 | H22: =G22/$G$27 -> 0.19125683 | I22: Optional | L22: 4 | M22: 4.5/3 | N22: (L/flush) Full/Half
C23: Waste disposal unit (Insinkerator) - present? | D23: no | G23: =IF(D23="yes",3.08,0) -> 0 | H23: =G23/$G$27 -> 0 | I23: Optional | L23: 4.5 | M23: 2.5 | N23: (L/flush)
C24: Note: If residents HAVE access to a shared communal laundry within the development but NO laundry facilities at home, then enter washing machine fields above. In this case, use the least water efficient washing machine in the communal laundry nearest to the dwelling. Otherwise leave these blank. Also note: for washer dryers, enter the total water use (washing + drying). | K24: *Showers that have a flow rate of 7.5 L/min or less are still labelled 3 star.
C26: Expected Occupancy | D26: =IFERROR(VLOOKUP(H95,F91:H94,3,FALSE),H92) -> 1.0120645
D27: Unadjusted daily indoor use (L) per Person | G27: =SUM(G16:G23) -> 164.7 | H27: Nominal 180 - 190 L/p/day
C29: Is the dwelling individually metered AND billed on usage? | D29: TRUE | E29: =IF(D29,"Homestar assumes a further 5% reduction in consumption with metered billing","") -> Homestar assumes a further 5% reduction in consumption with metered billing | G29: Check if dwelling is metered individually
D30: Total daily indoor water use (L) per Person | G30: =IF(P100,G27*0.95,G27) -> 164.7
C33: Part B: EF3 Demand offset through rainwater harvesting, and EN5 Site water and ecology (water tanks) | K33: This is a problem if we use the ECCHO model for occupancy (maybe) current way of apportioning is based on occupancy (occupancy a dwelling of this typology, vs total occupany across all units connected to the system. If we move to KO model it’s a multiplication of total bedrooms by 2, so its ok. but, if its the eccho model it gets complicated. My feeling would be we'd either just use the total number of bedrooms directly (apportion fraction = bedrooms of unit/total beds across all units), or CFA of unit/ CFA across all units. The latter option requires additional inputs so I've gone with the former. I think this is reasonable, as while we don't use CFA directly, number of bedrooms is a general proxy for how big one house is compared to another, given lanning regulations around minimum bedroom sizes
C34: Rain Water System - Complete Part A above first before this section
C35: Does the dwelling have rainwater collection?
C37: Total number of dwellings / bedrooms in dwelling(s) connected to rainwater tank (# Dwellings / # Bedrooms) | E37: /
C38: Rain water tank size (L) (only include capacity below overflow for combined rainwater and stormwater systems)
C39: Apportioned Tank Size (L) | D39: =IF(OR(F37=0,F37=D95),D38,IFERROR(VLOOKUP(H95,F91:I94,4,FALSE),D38)) -> 0
C40: Roof catchment area (m2) (for rain water harvesting and stormwater)
C41: Roof Type (for run off coefficient calculation)
C42: Roof Slope - Enter EITHER % slope (rise/run) OR angle (degrees) and select which | E42: slope or angle?
C43: Calculated Run off co-efficient | D43: =IFERROR(VLOOKUP(D41,K101:L102,2,FALSE)+IF(L111<=5%,-0.05,IF(L111<=10%,0,IF(L111<=20%,0.05,0.1))),0) -> 0
C45: Please select the elements that the rainwater tank is connected to:
C46: Outdoor (and common areas in apartments)
C47: Washing machine (Note that laundry tubs must be on potable water supply for safety)
C48: Toilet flushing
C49: Dishwasher
C52: Apartments only
C53: Monthly average common area water use (L) | E53: Optional, to be used in case there is a TQ
C55: Part C: EN5 Site water and ecology - Also complete if you want to specify areas for outdoor water use
C57: Total site area (m2)
C58: Total roof coverage area (incl. eaves, and outbuildings) (m2) | G58: EN5 Compliance results
C59: Ground area excluding building footprint (m2) | D59: =$D$57-Summary!$D$21 -> 0 | G59: Brownfield | H59: =IF($P$106,"Yes","No") -> No
C60: Ground area not under roof (m2) | D60: =D57-D58 -> 0
C61: Brownfield site? | G61: Native planting | H61: =IFERROR((D67)/D59,0) -> 0
C62: Water sensitive urban design process carried out? | G62: WSUD | H62: =IF(P107,"Yes","No") -> No
G63: Site
G64: Permeable | H64: =IFERROR(D70/D57,0) -> 0
C65: Ground coverage type | D65: Area (m2) | G65: Onsite system | H65: =IFERROR(MIN(100%, SUM(D78:D81,D83,D84,D85)/D57),0) -> 0
C66: Non-permeable paving, decks, pools, etc. (exclude area under roof) | G66: Total managed | H66: =$H$64+$H$65 -> 0
C67: Native trees, grass, tussock and other bush (including under roof) | G67: 10mm retained? | H67: =J183 -> 0
C68: Exotic trees, grass, tussock and lawn (including under roof)
C69: Vegetable garden | F69: Capacity required | G69: 50% compliance | H69: 90% compliance
C70: Total permeable area | D70: =D60-D66 -> 0 | F70: SW Detention | G70: ="Manage " & ROUND(J169,0) & " L" -> Manage 0 L | H70: ="Manage " & ROUND(K169,0) & " L" -> Manage 0 L
F71: SW Retention | G71: ="Manage " & ROUND(J170,0) & " L" -> Manage 0 L | H71: ="Manage " & ROUND(K170,0) & " L" -> Manage 0 L
C72: Notes
C73: "Native" in this case means native to the region where the dwelling is located. Any other species is considered "Exotic" even if Native to New Zealand.
C74: The area of each tree is the area within its dripline (outermost circumference of the tree canopy when it reaches maturity).
C76: Type of storm water management on site
C77: Onsite stormwater management system (must be sized to serve all of the allocated catchment area) | D77: Catchment area served (m2) | G77: Additional volume information for stormwater tanks
C78: Rain garden | G78: Detention (L) | I78: Complete
C79: Swales incorporating gravel under drains and dams | G79: Separate storm water tank | I79: Complete
C80: Sand filter | G80: Total retention (L) | I80: =IF($P$105,"Complete", "Leave blank") -> Leave blank
C81: Pond (must allow infiltration), soakage pit or infiltration basin | G81: *As a site-wide approach is taken for EN-5
C82: Stormwater detention tanks (connected GROUND catchment area only) | G82: Detention (L) and Retention (L) volumes
C83: Stormwater detention tanks (actual TOTAL catchment area calculated) | D83: =IFERROR(G180,0) -> 0 | G83: entered shall be total volumes above and
C84: Other onsite infiltration system (submit TQ) | G84: below the overflow of the stormwater tanks
C85: Living Roof | G85: rather than an apportioned volume as in EF-3
C86: Town stormwater system, or not managed | D86: =MAX(0,D57-D70-SUM(D78:D81,D83,D84,D85)) -> 0
A89: H | C89: EF-3 Calculations | F89: Occupancy formulae | N89: UK Water Calculator Default Values
C90: General details from Summary page | F90: Model | G90: Definition | H90: Occupancy | I90: rain tank apportion | N90: http://www.thewatercalculator.org.uk/guide.pdf
F91: Actual | G91: Actual known | H91: 1 | I91: =IFERROR(D38*(H91)/(D37+F37),0) -> 0 | P91: Rate | Q91: Use Factor
C92: Building Type | D92: =Summary!D15 -> 0 | F92: HSv4 | G92: (beds+1) HS traditional | H92: =D95+1 -> 2 | I92: =IFERROR(D38*(H92)/(D37+F37),0) -> 0 | N92: Washing Machine | O92: L / kg dry load | P92: 8.17 | Q92: 2.1
C93: Water Location | D93: =VLOOKUP(Summary!D16, HS_Location_Master, 7, FALSE) -> #N/A | F93: ECCHO | G93: ECCHO/PHPP | H93: =1+1.9*(1-EXP(-0.00013*(D94-7)^2))+(0.001*D94) -> 1.0120645 | I93: =IFERROR(D38*(D95/F37),0) -> 0 | K93: Outdoor water use demand | N93: Dishwasher | O93: L / place setting | P93: 1.25 | Q93: 3.6
C94: Total conditioned area of the dwelling | D94: =Summary!D22 -> 0 | F94: KO | G94: Kainga Ora model (beds*2) | H94: =D95*2 -> 2 | I94: =IFERROR(D38*(H94)/(F37*2),0) -> 0 | K94: Gardening water demand (per week) | L94: 25 | M94: mm
C95: Number of Bedrooms in dwelling | D95: =IF(Summary!D23=0,1,Summary!D23) -> 1 | G95: Occupancy model | H95: ECCHO | K95: Total area that needs watering | L95: =D67+D69+D68 -> 0 | M95: m2
A96: I | C96: Table 1 Ability to collect Rainwater
A97: D | C97: Month | D97: Weeks Per Month (average) | E97: Monthly Average Rainfall from NIWA (mm) | F97: No Of Rainy Days Each Month (Days Per Month) | G97: Monthly Rain/ Rainy Days (Mm Per Rain Event) | H97: Average Rainfall per week (mm) | I97: Roof Catchment (Rainwater Available)
A98: E | K98: Run-off co-efficient | N98: Tick Box Answers
K99: Condition | L99: Base coefficient | N99: General characteristics | O99: No laundry tub | P99: FALSE
C100: January | D100: =31/7 -> 4.4285714 | E100: =IF(ISERROR(LOOKUP($D$93,$T$107:$AI$135,W$107:W$135)),0,LOOKUP($D$93,$T$107:$AI$135,W$107:W$135)) -> 0 | F100: =IF(ISERROR(LOOKUP(D93,$T$107:$AU$135,$AJ$107:$AJ$135)),"0",LOOKUP(D93,$T$107:$AU$135,$AJ$107:$AJ$135)) -> 0 | G100: =IF(ISERROR(E100/F100),0,E100/F100) -> 0 | H100: =E100/D100 -> 0 | I100: =$D$40*$D$43*E100 -> 0 | O100: Separate metering | P100: FALSE
C101: February | D101: =28/7 -> 4 | E101: =IF(ISERROR(LOOKUP($D$93,$T$107:$AI$135,X$107:X$135)),0,LOOKUP($D$93,$T$107:$AI$135,X$107:X$135)) -> 0 | F101: =IF(ISERROR(LOOKUP(D93,$T$107:$AU$135,$AK$107:$AK$135)),"0",LOOKUP(D93,$T$107:$AU$135,$AK$107:$AK$135)) -> 0 | G101: =IF(ISERROR(E101/F101),0,E101/F101) -> 0 | H101: =E101/D101 -> 0 | I101: =$D$40*$D$43*E101 -> 0 | K101: Steel and non-absorbent roof surfaces | L101: 0.9 | N101: Rain water uses | O101: Outdoor/common | P101: FALSE
C102: March | D102: =31/7 -> 4.4285714 | E102: =IF(ISERROR(LOOKUP($D$93,$T$107:$AI$135,Y$107:Y$135)),0,LOOKUP($D$93,$T$107:$AI$135,Y$107:Y$135)) -> 0 | F102: =IF(ISERROR(LOOKUP(D93,$T$107:$AU$135,$AL$107:$AL$135)),"0",LOOKUP(D93,$T$107:$AU$135,$AL$107:$AL$135)) -> 0 | G102: =IF(ISERROR(E102/F102),0,E102/F102) -> 0 | H102: =E102/D102 -> 0 | I102: =$D$40*$D$43*E102 -> 0 | K102: Near flat and/or slightly absorbent surfaces | L102: 0.8 | O102: Washing machine | P102: FALSE
C103: April | D103: =30/7 -> 4.2857143 | E103: =IF(ISERROR(LOOKUP(D93,$T$107:$AI$135,$Z$107:$Z$135)),"0",LOOKUP(D93,$T$107:$AI$135,$Z$107:$Z$135)) -> 0 | F103: =IF(ISERROR(LOOKUP(D93,$T$107:$AU$135,$AM$107:$AM$135)),"0",LOOKUP(D93,$T$107:$AU$135,$AM$107:$AM$135)) -> 0 | G103: =IF(ISERROR(E103/F103),0,E103/F103) -> 0 | H103: =E103/D103 -> 0 | I103: =$D$40*$D$43*E103 -> 0 | O103: Toilet flushing | P103: FALSE | W103: NIWA MEAN MONTHLY RAINFALL - with at least 1.0 mm of rain | AJ103: NIWA MEAN MONTHLY WET-DAYS - with at least 1.0 mm of rain
C104: May | D104: =31/7 -> 4.4285714 | E104: =IF(ISERROR(LOOKUP(D93,$T$107:$AI$135,$AA$107:$AA$135)),"0",LOOKUP(D93,$T$107:$AI$135,$AA$107:$AA$135)) -> 0 | F104: =IF(ISERROR(LOOKUP(D93,$T$107:$AU$135,$AN$107:$AN$135)),"0",LOOKUP(D93,$T$107:$AU$135,$AN$107:$AN$135)) -> 0 | G104: =IF(ISERROR(E104/F104),0,E104/F104) -> 0 | H104: =E104/D104 -> 0 | I104: =$D$40*$D$43*E104 -> 0 | K104: Adjustment factors for run-off coefficients | O104: Dishwasher | P104: FALSE | W104: Data are mean monthly values for the 1971-2000 period for locations having at least 5 complete years of data | AJ104: Data are mean monthly values for the 1971-2000 period for locations having at least 5 complete years of data
C105: June | D105: =30/7 -> 4.2857143 | E105: =IF(ISERROR(LOOKUP(D93,$T$107:$AI$135,$AB$107:$AB$135)),"0",LOOKUP(D93,$T$107:$AI$135,$AB$107:$AB$135)) -> 0 | F105: =IF(ISERROR(LOOKUP(D93,$T$107:$AU$135,$AO$107:$AO$135)),"0",LOOKUP(D93,$T$107:$AU$135,$AO$107:$AO$135)) -> 0 | G105: =IF(ISERROR(E105/F105),0,E105/F105) -> 0 | H105: =E105/D105 -> 0 | I105: =$D$40*$D$43*E105 -> 0 | K105: Roof Angle | L105: Adjust by | N105: Stormwater | O105: Separate SW tank | P105: FALSE | W105: Station details are available in separate table | AJ105: Station details are available in separate table
C106: July | D106: =31/7 -> 4.4285714 | E106: =IF(ISERROR(LOOKUP(D93,$T$107:$AI$135,$AC$107:$AC$135)),"0",LOOKUP(D93,$T$107:$AI$135,$AC$107:$AC$135)) -> 0 | F106: =IF(ISERROR(LOOKUP(D93,$T$107:$AU$135,$AP$107:$AP$135)),"0",LOOKUP(D93,$T$107:$AU$135,$AP$107:$AP$135)) -> 0 | G106: =IF(ISERROR(E106/F106),0,E106/F106) -> 0 | H106: =E106/D106 -> 0 | I106: =$D$40*$D$43*E106 -> 0 | O106: Brownfield | P106: FALSE | T106: Location | U106: Zone | V106: Climate zone | W106: JAN | X106: FEB | Y106: MAR | Z106: APR | AA106: MAY | AB106: JUN | AC106: JUL | AD106: AUG | AE106: SEP | AF106: OCT | AG106: NOV | AH106: DEC | AI106: YEAR | AJ106: JAN | AK106: FEB | AL106: MAR | AM106: APR | AN106: MAY | AO106: JUN | AP106: JUL | AQ106: AUG | AR106: SEP | AS106: OCT | AT106: NOV | AU106: DEC
C107: August | D107: =31/7 -> 4.4285714 | E107: =IF(ISERROR(LOOKUP(D93,$T$107:$AI$135,$AD$107:$AD$135)),"0",LOOKUP(D93,$T$107:$AI$135,$AD$107:$AD$135)) -> 0 | F107: =IF(ISERROR(LOOKUP(D93,$T$107:$AU$135,$AQ$107:$AQ$135)),"0",LOOKUP(D93,$T$107:$AU$135,$AQ$107:$AQ$135)) -> 0 | G107: =IF(ISERROR(E107/F107),0,E107/F107) -> 0 | H107: =E107/D107 -> 0 | I107: =$D$40*$D$43*E107 -> 0 | K107: 0.05 | L107: -0.05 | O107: WSUD | P107: FALSE | T107: Alexandra | U107: E | V107: 3B | W107: 29 | X107: 22 | Y107: 40 | Z107: 34 | AA107: 35 | AB107: 26 | AC107: 23 | AD107: 24 | AE107: 27 | AF107: 41 | AG107: 26 | AH107: 43 | AI107: =SUM(W107:AH107) -> 370 | AJ107: 6 | AK107: 5 | AL107: 6 | AM107: 6 | AN107: 6 | AO107: 4 | AP107: 5 | AQ107: 5 | AR107: 5 | AS107: 6 | AT107: 6 | AU107: 8
C108: September | D108: =30/7 -> 4.2857143 | E108: =IF(ISERROR(LOOKUP(D93,$T$107:$AI$135,$AE$107:$AE$135)),"0",LOOKUP(D93,$T$107:$AI$135,$AE$107:$AE$135)) -> 0 | F108: =IF(ISERROR(LOOKUP(D93,$T$107:$AU$135,$AR$107:$AR$135)),"0",LOOKUP(D93,$T$107:$AU$135,$AR$107:$AR$135)) -> 0 | G108: =IF(ISERROR(E108/F108),0,E108/F108) -> 0 | H108: =E108/D108 -> 0 | I108: =$D$40*$D$43*E108 -> 0 | K108: 0.1 | L108: 0 | N108: Total water use | T108: Auckland | U108: C | V108: 1 | W108: 75 | X108: 65 | Y108: 94 | Z108: 105 | AA108: 103 | AB108: 139 | AC108: 146 | AD108: 121 | AE108: 116 | AF108: 91 | AG108: 93 | AH108: 91 | AI108: =SUM(W108:AH108) -> 1239 | AJ108: 8 | AK108: 7 | AL108: 9 | AM108: 11 | AN108: 12 | AO108: 15 | AP108: 16 | AQ108: 15 | AR108: 14 | AS108: 12 | AT108: 11 | AU108: 9
C109: October | D109: =31/7 -> 4.4285714 | E109: =IF(ISERROR(LOOKUP(D93,$T$107:$AI$135,$AF$107:$AF$135)),"0",LOOKUP(D93,$T$107:$AI$135,$AF$107:$AF$135)) -> 0 | F109: =IF(ISERROR(LOOKUP(D93,$T$107:$AU$135,$AS$107:$AS$135)),"0",LOOKUP(D93,$T$107:$AU$135,$AS$107:$AS$135)) -> 0 | G109: =IF(ISERROR(E109/F109),0,E109/F109) -> 0 | H109: =E109/D109 -> 0 | I109: =$D$40*$D$43*E109 -> 0 | K109: 0.2 | L109: 0.05 | N109: The default 180L/p/d use is based on 12L/min showers, taps and minimum efficiency dual flush toilets | T109: Blenheim | U109: E | V109: 3A | W109: 47 | X109: 27 | Y109: 54 | Z109: 64 | AA109: 58 | AB109: 56 | AC109: 71 | AD109: 70 | AE109: 44 | AF109: 70 | AG109: 43 | AH109: 54 | AI109: =SUM(W109:AH109) -> 658 | AJ109: 5 | AK109: 4 | AL109: 6 | AM109: 5 | AN109: 7 | AO109: 7 | AP109: 8 | AQ109: 7 | AR109: 8 | AS109: 8 | AT109: 5 | AU109: 6
C110: November | D110: =30/7 -> 4.2857143 | E110: =IF(ISERROR(LOOKUP(D93,$T$107:$AI$135,$AG$107:$AG$135)),"0",LOOKUP(D93,$T$107:$AI$135,$AG$107:$AG$135)) -> 0 | F110: =IF(ISERROR(LOOKUP(D93,$T$107:$AU$135,$AT$107:$AT$135)),"0",LOOKUP(D93,$T$107:$AU$135,$AT$107:$AT$135)) -> 0 | G110: =IF(ISERROR(E110/F110),0,E110/F110) -> 0 | H110: =E110/D110 -> 0 | I110: =$D$40*$D$43*E110 -> 0 | K110: more than 20% | L110: 0.1 | N110: likely in a New house, based on findings by BRANZ and the assumption that single flush toilets | T110: Central Otago | U110: E | V110: 3B | W110: 29 | X110: 22 | Y110: 40 | Z110: 34 | AA110: 35 | AB110: 26 | AC110: 23 | AD110: 24 | AE110: 27 | AF110: 41 | AG110: 26 | AH110: 43 | AI110: =SUM(W110:AH110) -> 370 | AJ110: 6 | AK110: 5 | AL110: 6 | AM110: 6 | AN110: 6 | AO110: 4 | AP110: 5 | AQ110: 5 | AR110: 5 | AS110: 6 | AT110: 6 | AU110: 8
C111: December | D111: =31/7 -> 4.4285714 | E111: =IF(ISERROR(LOOKUP(D93,$T$107:$AI$135,$AH$107:$AH$135)),"0",LOOKUP(D93,$T$107:$AI$135,$AH$107:$AH$135)) -> 0 | F111: =IF(ISERROR(LOOKUP(D93,$T$107:$AU$135,$AU$107:$AU$135)),"0",LOOKUP(D93,$T$107:$AU$135,$AU$107:$AU$135)) -> 0 | G111: =IF(ISERROR(E111/F111),0,E111/F111) -> 0 | H111: =E111/D111 -> 0 | I111: =$D$40*$D$43*E111 -> 0 | K111: Roof angle to slope | L111: =IF($F$42="slope",$D$42, TAN(RADIANS($D$42))) -> 0 | N111: are unlikely in new homes. This is reasonable when considering the Auckland and National daily indoor individual water uses (excl. outdoors) | T111: Chatham Island & Waitangi | U111: D | V111: 3A | W111: 54 | X111: 55 | Y111: 74 | Z111: 70 | AA111: 93 | AB111: 99 | AC111: 95 | AD111: 76 | AE111: 71 | AF111: 63 | AG111: 59 | AH111: 55 | AI111: =SUM(W111:AH111) -> 864 | AJ111: 8 | AK111: 7 | AL111: 10 | AM111: 10 | AN111: 15 | AO111: 15 | AP111: 16 | AQ111: 14 | AR111: 12 | AS111: 10 | AT111: 9 | AU111: 8
C112: Total | D112: =SUM(D100:D111) -> 52.142857 | E112: =SUM(E100:E111) -> 0 | F112: =SUM(F100:F111) -> 0 | G112: =SUM(G100:G111) -> 0 | I112: =SUM(I100:I111) -> 0 | N112: of 154L and 200 L respectively (includes existing homes, and potentially leaks. BRANZ findings are used for shower and toilet use. | T112: Christchurch City | U112: E | V112: 3A | W112: 42 | X112: 39 | Y112: 54 | Z112: 54 | AA112: 56 | AB112: 66 | AC112: 79 | AD112: 69 | AE112: 47 | AF112: 53 | AG112: 44 | AH112: 49 | AI112: =SUM(W112:AH112) -> 652 | AJ112: 6 | AK112: 6 | AL112: 6 | AM112: 7 | AN112: 7 | AO112: 9 | AP112: 9 | AQ112: 8 | AR112: 7 | AS112: 7 | AT112: 7 | AU112: 7
N113: For other fittings the UK code for sustainable homes are used, and this was approved by the ERP and water panel. | T113: Dunedin City | U113: D | V113: 3A | W113: 72 | X113: 63 | Y113: 70 | Z113: 60 | AA113: 72 | AB113: 74 | AC113: 69 | AD113: 65 | AE113: 53 | AF113: 71 | AG113: 63 | AH113: 82 | AI113: =SUM(W113:AH113) -> 814 | AJ113: 10 | AK113: 8 | AL113: 10 | AM113: 9 | AN113: 11 | AO113: 10 | AP113: 11 | AQ113: 11 | AR113: 10 | AS113: 11 | AT113: 11 | AU113: 12
C114: Table 2 Water use at home (including nominal allowance for outdoor use), and monthly demand on a rain water system | N114: Also to consider is conservation due to metering, which may explain why kiwis use less water in Auckland. | T114: Gisborne | U114: D | V114: 2 | W114: 54 | X114: 78 | Y114: 99 | Z114: 103 | AA114: 97 | AB114: 125 | AC114: 119 | AD114: 93 | AE114: 101 | AF114: 63 | AG114: 65 | AH114: 67 | AI114: =SUM(W114:AH114) -> 1064 | AJ114: 7 | AK114: 7 | AL114: 9 | AM114: 9 | AN114: 9 | AO114: 12 | AP114: 12 | AQ114: 11 | AR114: 10 | AS114: 9 | AT114: 8 | AU114: 8
C115: Homestar estimated daily household water use (L): | F115: =G30*D26 -> 166.68703 | N115: It was decided that a 5% further reduction in consumption is a reasonable assumption when homes are billed on usage. | T115: Hamilton City | U115: C | V115: 2 | W115: 85 | X115: 71 | Y115: 87 | Z115: 95 | AA115: 102 | AB115: 119 | AC115: 126 | AD115: 117 | AE115: 102 | AF115: 96 | AG115: 93 | AH115: 95 | AI115: =SUM(W115:AH115) -> 1188 | AJ115: 8 | AK115: 6 | AL115: 8 | AM115: 9 | AN115: 11 | AO115: 13 | AP115: 14 | AQ115: 14 | AR115: 14 | AS115: 12 | AT115: 11 | AU115: 9
C116: Month | D116: Days per Month | E116: Outdoor | F116: Washing Machine | G116: WC | H116: Dishwasher | I116: Laundry Tub | J116: Bathroom (excl. laundry and toilet) | K116: Kitchen (excl. dishwasher) | L116: Total Water Demand (excl. outdoor) | M116: Monthly indoor Rainwater Reuse Demand (WC+Washing machine+Dishwasher) (L) average monthly total at bottom | N116: Outdoor water use | T116: Hokitika | U116: A | V116: 3A | W116: 250 | X116: 172 | Y116: 217 | Z116: 249 | AA116: 245 | AB116: 233 | AC116: 232 | AD116: 224 | AE116: 250 | AF116: 286 | AG116: 240 | AH116: 278 | AI116: =SUM(W116:AH116) -> 2876 | AJ116: 13 | AK116: 10 | AL116: 13 | AM116: 13 | AN116: 15 | AO116: 14 | AP116: 14 | AQ116: 15 | AR116: 16 | AS116: 17 | AT116: 15 | AU116: 16
C117: Summer | E117: (nominal allowance only used if PART C not completed) | F117: =H22 -> 0.19125683 | G117: =H17 -> 0.10928962 | H117: =H21 -> 0.027322404 | J117: =H16+H19+H20 -> 0.57717061 | K117: =H18+H23 -> 0.094960534 | L117: =SUM(E117:K117) -> 1 | N117: The calculator makes some allowance for harvested rainwater use outdoors, where a connection is provided. | T117: Invercargill City | U117: C | V117: 3A | W117: 114 | X117: 79 | Y117: 94 | Z117: 100 | AA117: 114 | AB117: 99 | AC117: 88 | AD117: 71 | AE117: 80 | AF117: 95 | AG117: 81 | AH117: 100 | AI117: =SUM(W117:AH117) -> 1115 | AJ117: 13 | AK117: 10 | AL117: 12 | AM117: 13 | AN117: 16 | AO117: 15 | AP117: 14 | AQ117: 13 | AR117: 12 | AS117: 14 | AT117: 12 | AU117: 14
C118: Winter | F118: =H22 -> 0.19125683 | G118: =H17 -> 0.10928962 | H118: =H21 -> 0.027322404 | J118: =H16+H19+H20 -> 0.57717061 | K118: =H18+H23 -> 0.094960534 | L118: =SUM(E118:K118) -> 1 | N118: While the water use credit does not consider outdoor water use for points, this needs to be considered | T118: Kaikoura | U118: D | V118: 3A | W118: 47 | X118: 59 | Y118: 92 | Z118: 81 | AA118: 71 | AB118: 75 | AC118: 80 | AD118: 78 | AE118: 70 | AF118: 74 | AG118: 60 | AH118: 54 | AI118: =SUM(W118:AH118) -> 841 | AJ118: 6 | AK118: 7 | AL118: 7 | AM118: 7 | AN118: 7 | AO118: 8 | AP118: 8 | AQ118: 8 | AR118: 8 | AS118: 8 | AT118: 7 | AU118: 7
...

Sheet Natural Light Calculator
AN1: Hide Everything to Right | AP1: hide
B2: Natural Light Calculator | AV2: Glazed Area | AW2: Surface Area | AX2: Wall Area | AY2: Floor Area | AZ2: Ceiling Area | BA2: Average Reflectance | BB2: Sun Angle
AQ3: H | AR3: D | AS3: Hw/2 | AT3: Angle a | AU3: Angle b
AP4: =C20 -> Main Bedroom | AQ4: =IF(N45-AQ26-P45>0,N45-AQ26-P45,0) -> 0 | AR4: =M45 -> 0 | AS4: =IF($U45>=1,VLOOKUP($T45,$J$15:$N$34,3,FALSE)/2,$Q45/2) -> 0 | AT4: =IF(AND(M45=0,N45=0),0,DEGREES(ASIN(AQ4/(SQRT((AQ4^2)+(AR4^2)))))) -> 0 | AU4: =DEGREES(ASIN(O45/(SQRT((O45^2)+(AS4^2))))) -> #DIV/0! | AV4: =(IF(T46="",0,VLOOKUP($T46,$J$15:$N$34,5,FALSE)*U46))+(IF(T45="",0,(VLOOKUP($T45,$J$15:$N$34,5,FALSE)*U45)))+(IF(T47="",0,VLOOKUP($T47,$J$15:$N$34,5,FALSE)*U47))+(Q45*R45)+(Q46*R46)+(Q47*R47) -> 0 | AW4: =AX4+AY4+AZ4 -> 0 | AX4: =(2*((IF($D$13>0,$D$13,D20)*F20)+(IF($D$13>0,$D$13,D20)*E20)))-AV4 -> 0 | AY4: =E20*F20 -> 0 | AZ4: =AY4 -> 0 | BA4: =((AZ4*VLOOKUP(H20,$BG$4:$BJ$6,2,FALSE))/AW4)+((AX4*VLOOKUP(H20,$BG$4:$BJ$6,3,FALSE))/AW4)+((AY4*VLOOKUP(H20,$BG$4:$BJ$6,4,FALSE))/AW4) -> #N/A | BB4: =90-AT4-AU4 -> #DIV/0! | BC4: =IF(K15="","",J15) -> Window 1 | BE4: Living Room One | BF4: 0.015 | BG4: Medium | BH4: 0.7 | BI4: 0.4
AP5: =C21 -> Bedroom Two | AQ5: =IF(N48-AQ27-P48>0,N48-AQ27-P48,0) -> 0 | AR5: =M48 -> 0 | AS5: =IF($U48>=1,VLOOKUP($T48,$J$15:$N$34,3,FALSE)/2,$Q48/2) -> 0 | AT5: =IF(AND(M48=0,N48=0),0,DEGREES(ASIN(AQ5/(SQRT((AQ5^2)+(AR5^2)))))) -> 0 | AU5: =DEGREES(ASIN(O48/(SQRT((O48^2)+(AS5^2))))) -> #DIV/0! | AV5: =(IF(T49="",0,VLOOKUP($T49,$J$15:$N$34,5,FALSE)*U49))+(IF(T48="",0,(VLOOKUP($T48,$J$15:$N$34,5,FALSE)*U48)))+(Q48*R48)+(Q49*R49) -> 0 | AW5: =AX5+AY5+AZ5 -> 0 | AX5: =(2*((IF($D$13>0,$D$13,D21)*F21)+(IF($D$13>0,$D$13,D21)*E21)))-AV5 -> 0 | AY5: =E21*F21 -> 0 | AZ5: =AY5 -> 0 | BA5: =((AZ5*VLOOKUP(H21,$BG$4:$BJ$6,2,FALSE))/AW5)+((AX5*VLOOKUP(H21,$BG$4:$BJ$6,3,FALSE))/AW5)+((AY5*VLOOKUP(H21,$BG$4:$BJ$6,4,FALSE))/AW5) -> #N/A | BB5: =90-AT5-AU5 -> #DIV/0! | BC5: =IF(K16="","",J16) -> Window 2 | BE5: Living Room Two | BF5: 0.015 | BG5: High | BH5: 0.7 | BI5: 0.6
C6: Total Points HC - 5 | AP6: =C22 -> - | AQ6: =IF(N50-AQ28-P50>0,N50-AQ28-P50,0) -> 0 | AR6: =M50 -> 0 | AS6: =IF($U50>=1,VLOOKUP($T50,$J$15:$N$34,3,FALSE)/2,$Q50/2) -> 0 | AT6: =IF(AND(M50=0,N50=0),0,DEGREES(ASIN(AQ6/(SQRT((AQ6^2)+(AR6^2)))))) -> 0 | AU6: =DEGREES(ASIN(O50/(SQRT((O50^2)+(AS6^2))))) -> #DIV/0! | AV6: =(IF(T51="",0,VLOOKUP($T51,$J$15:$N$34,5,FALSE)*U51))+(IF(T50="",0,(VLOOKUP($T50,$J$15:$N$34,5,FALSE)*U50)))+(Q50*R50)+(Q51*R51) -> 0 | AW6: =AX6+AY6+AZ6 -> 0 | AX6: =(2*((IF($D$13>0,$D$13,D22)*F22)+(IF($D$13>0,$D$13,D22)*E22)))-AV6 -> 0 | AY6: =E22*F22 -> 0 | AZ6: =AY6 -> 0 | BA6: =((AZ6*VLOOKUP(H22,$BG$4:$BJ$6,2,FALSE))/AW6)+((AX6*VLOOKUP(H22,$BG$4:$BJ$6,3,FALSE))/AW6)+((AY6*VLOOKUP(H22,$BG$4:$BJ$6,4,FALSE))/AW6) -> #N/A | BB6: =90-AT6-AU6 -> #DIV/0! | BC6: =IF(K17="","",J17) | BE6: Kitchen One | BF6: 0.02
C7: Natural Light | D7: =IF(CONCATENATE(IF(AND(G13=BK4,G14=BM4),AW24,""),IF(AND(G13=BK5,G14=BM4),SUM(AX24:AY24),""),IF(AND(G13=BK6,G14=BM4),SUM(AZ24:BB24),""),IF(AND(G13=BK4,G14=BM5),BD24,""),IF(AND(G13=BK5,G14=BM5),SUM(BE24:BF24),""),IF(AND(G13=BK6,G14=BM5),SUM(BG24:BI24),""))="",0,CONCATENATE(IF(AND(G13=BK4,G14=BM4),AW24,""),IF(AND(G13=BK5,G14=BM4),SUM(AX24:AY24),""),IF(AND(G13=BK6,G14=BM4),SUM(AZ24:BB24),""),IF(AND(G13=BK4,G14=BM5),BD24,""),IF(AND(G13=BK5,G14=BM5),SUM(BE24:BF24),""),IF(AND(G13=BK6,G14=BM5),SUM(BG24:BI24),""))) -> 0 | AP7: =C23 -> - | AQ7: =IF(N52-AQ29-P52>0,N52-AQ29-P52,0) -> 0 | AR7: =M52 -> 0 | AS7: =IF($U52>=1,VLOOKUP($T52,$J$15:$N$34,3,FALSE)/2,$Q52/2) -> 0 | AT7: =IF(AND(M52=0,N52=0),0,DEGREES(ASIN(AQ7/(SQRT((AQ7^2)+(AR7^2)))))) -> 0 | AU7: =DEGREES(ASIN(O52/(SQRT((O52^2)+(AS7^2))))) -> #DIV/0! | AV7: =(IF(T53="",0,VLOOKUP($T53,$J$15:$N$34,5,FALSE)*U53))+(IF(T52="",0,(VLOOKUP($T52,$J$15:$N$34,5,FALSE)*U52)))+(Q52*R52)+(Q53*R53) -> 0 | AW7: =AX7+AY7+AZ7 -> 0 | AX7: =(2*((IF($D$13>0,$D$13,D23)*F23)+(IF($D$13>0,$D$13,D23)*E23)))-AV7 -> 0 | AY7: =E23*F23 -> 0 | AZ7: =AY7 -> 0 | BA7: =((AZ7*VLOOKUP(H23,$BG$4:$BJ$6,2,FALSE))/AW7)+((AX7*VLOOKUP(H23,$BG$4:$BJ$6,3,FALSE))/AW7)+((AY7*VLOOKUP(H23,$BG$4:$BJ$6,4,FALSE))/AW7) -> #N/A | BB7: =90-AT7-AU7 -> #DIV/0! | BC7: =IF(K18="","",J18) | BE7: Kitchen Two | BF7: 0.02
AP8: =C24 -> - | AQ8: =IF(N54-AQ30-P54>0,N54-AQ30-P54,0) -> 0 | AR8: =M54 -> 0 | AS8: =IF($U54>=1,VLOOKUP($T54,$J$15:$N$34,3,FALSE)/2,$Q54/2) -> 0 | AT8: =IF(AND(M54=0,N54=0),0,DEGREES(ASIN(AQ8/(SQRT((AQ8^2)+(AR8^2)))))) -> 0 | AU8: =DEGREES(ASIN(O54/(SQRT((O54^2)+(AS8^2))))) -> #DIV/0! | AV8: =(IF(T55="",0,VLOOKUP($T55,$J$15:$N$34,5,FALSE)*U55))+(IF(T54="",0,(VLOOKUP($T54,$J$15:$N$34,5,FALSE)*U54)))+(Q54*R54)+(Q55*R55) -> 0 | AW8: =AX8+AY8+AZ8 -> 0 | AX8: =(2*((IF($D$13>0,$D$13,D24)*F24)+(IF($D$13>0,$D$13,D24)*E24)))-AV8 -> 0 | AY8: =E24*F24 -> 0 | AZ8: =AY8 -> 0 | BA8: =((AZ8*VLOOKUP(H24,$BG$4:$BJ$6,2,FALSE))/AW8)+((AX8*VLOOKUP(H24,$BG$4:$BJ$6,3,FALSE))/AW8)+((AY8*VLOOKUP(H24,$BG$4:$BJ$6,4,FALSE))/AW8) -> #N/A | BB8: =90-AT8-AU8 -> #DIV/0! | BC8: =IF(K19="","",J19) | BE8: Main Bedroom | BF8: 0.015
AP9: =C25 -> - | AQ9: =IF(N56-AQ31-P56>0,N56-AQ31-P56,0) -> 0 | AR9: =M56 -> 0 | AS9: =IF($U56>=1,VLOOKUP($T56,$J$15:$N$34,3,FALSE)/2,$Q56/2) -> 0 | AT9: =IF(AND(M56=0,N56=0),0,DEGREES(ASIN(AQ9/(SQRT((AQ9^2)+(AR9^2)))))) -> 0 | AU9: =DEGREES(ASIN(O56/(SQRT((O56^2)+(AS9^2))))) -> #DIV/0! | AV9: =(IF(T57="",0,VLOOKUP($T57,$J$15:$N$34,5,FALSE)*U57))+(IF(T56="",0,(VLOOKUP($T56,$J$15:$N$34,5,FALSE)*U56)))+(Q56*R56)+(Q57*R57) -> 0 | AW9: =AX9+AY9+AZ9 -> 0 | AX9: =(2*((IF($D$13>0,$D$13,D25)*F25)+(IF($D$13>0,$D$13,D25)*E25)))-AV9 -> 0 | AY9: =E25*F25 -> 0 | AZ9: =AY9 -> 0 | BA9: =((AZ9*VLOOKUP(H25,$BG$4:$BJ$6,2,FALSE))/AW9)+((AX9*VLOOKUP(H25,$BG$4:$BJ$6,3,FALSE))/AW9)+((AY9*VLOOKUP(H25,$BG$4:$BJ$6,4,FALSE))/AW9) -> #N/A | BB9: =90-AT9-AU9 -> #DIV/0! | BC9: =IF(K20="","",J20) | BE9: Bedroom Two | BF9: 0.015
C10: Schedule Information | AP10: =C26 -> - | AQ10: =IF(N58-AQ32-P58>0,N58-AQ32-P58,0) -> 0 | AR10: =M58 -> 0 | AS10: =IF($U58>=1,VLOOKUP($T58,$J$15:$N$34,3,FALSE)/2,$Q58/2) -> 0 | AT10: =IF(AND(M58=0,N58=0),0,DEGREES(ASIN(AQ10/(SQRT((AQ10^2)+(AR10^2)))))) -> 0 | AU10: =DEGREES(ASIN(O58/(SQRT((O58^2)+(AS10^2))))) -> #DIV/0! | AV10: =(IF(T59="",0,VLOOKUP($T59,$J$15:$N$34,5,FALSE)*U59))+(IF(T58="",0,(VLOOKUP($T58,$J$15:$N$34,5,FALSE)*U58)))+(Q58*R58)+(Q59*R59) -> 0 | AW10: =AX10+AY10+AZ10 -> 0 | AX10: =(2*((IF($D$13>0,$D$13,D26)*F26)+(IF($D$13>0,$D$13,D26)*E26)))-AV10 -> 0 | AY10: =E26*F26 -> 0 | AZ10: =AY10 -> 0 | BA10: =((AZ10*VLOOKUP(H26,$BG$4:$BJ$6,2,FALSE))/AW10)+((AX10*VLOOKUP(H26,$BG$4:$BJ$6,3,FALSE))/AW10)+((AY10*VLOOKUP(H26,$BG$4:$BJ$6,4,FALSE))/AW10) -> #N/A | BB10: =90-AT10-AU10 -> #DIV/0! | BC10: =IF(K21="","",J21) | BE10: Bedroom Three | BF10: 0.015
J11: Define all generic windows in the tale below to create a schedule. Glazing area and visible transmittance are required. | P11: Daylight Factor Calculation Reference Image for Option Two | AP11: =C27 -> - | AQ11: =IF(N60-AQ33-P60>0,N60-AQ33-P60,0) -> 0 | AR11: =M60 -> 0 | AS11: =IF($U60>=1,VLOOKUP($T60,$J$15:$N$34,3,FALSE)/2,$Q60/2) -> 0 | AT11: =IF(AND(M60=0,N60=0),0,DEGREES(ASIN(AQ11/(SQRT((AQ11^2)+(AR11^2)))))) -> 0 | AU11: =DEGREES(ASIN(O60/(SQRT((O60^2)+(AS11^2))))) -> #DIV/0! | AV11: =(IF(T61="",0,VLOOKUP($T61,$J$15:$N$34,5,FALSE)*U61))+(IF(T60="",0,(VLOOKUP($T60,$J$15:$N$34,5,FALSE)*U60)))+(Q60*R60)+(Q61*R61) -> 0 | AW11: =AX11+AY11+AZ11 -> 0 | AX11: =(2*((IF($D$13>0,$D$13,D27)*F27)+(IF($D$13>0,$D$13,D27)*E27)))-AV11 -> 0 | AY11: =E27*F27 -> 0 | AZ11: =AY11 -> 0 | BA11: =((AZ11*VLOOKUP(H27,$BG$4:$BJ$6,2,FALSE))/AW11)+((AX11*VLOOKUP(H27,$BG$4:$BJ$6,3,FALSE))/AW11)+((AY11*VLOOKUP(H27,$BG$4:$BJ$6,4,FALSE))/AW11) -> #N/A | BB11: =90-AT11-AU11 -> #DIV/0! | BC11: =IF(K22="","",J22) | BE11: Bedroom Four | BF11: 0.015
AP12: =C28 -> - | AQ12: =IF(N62-AQ34-P62>0,N62-AQ34-P62,0) -> 0 | AR12: =M62 -> 0 | AS12: =IF($U62>=1,VLOOKUP($T62,$J$15:$N$34,3,FALSE)/2,$Q62/2) -> 0 | AT12: =IF(AND(M62=0,N62=0),0,DEGREES(ASIN(AQ12/(SQRT((AQ12^2)+(AR12^2)))))) -> 0 | AU12: =DEGREES(ASIN(O62/(SQRT((O62^2)+(AS12^2))))) -> #DIV/0! | AV12: =(IF(T63="",0,VLOOKUP($T63,$J$15:$N$34,5,FALSE)*U63))+(IF(T62="",0,(VLOOKUP($T62,$J$15:$N$34,5,FALSE)*U62)))+(Q62*R62)+(Q63*R63) -> 0 | AW12: =AX12+AY12+AZ12 -> 0 | AX12: =(2*((IF($D$13>0,$D$13,D28)*F28)+(IF($D$13>0,$D$13,D28)*E28)))-AV12 -> 0 | AY12: =E28*F28 -> 0 | AZ12: =AY12 -> 0 | BA12: =((AZ12*VLOOKUP(H28,$BG$4:$BJ$6,2,FALSE))/AW12)+((AX12*VLOOKUP(H28,$BG$4:$BJ$6,3,FALSE))/AW12)+((AY12*VLOOKUP(H28,$BG$4:$BJ$6,4,FALSE))/AW12) -> #N/A | BB12: =90-AT12-AU12 -> #DIV/0! | BC12: =IF(K23="","",J23) | BE12: Bedroom Five | BF12: 0.015
C13: Standard wall height | F13: Dwelling Type | G13: =IF(Summary!$D$23=0,$BK$4,IF(Summary!$D$23=1,$BK$5,BK6)) -> 0 | J13: Window Label | K13: Width (m) | L13: Height (m) | M13: Visible Transmittance | N13: Area (m2) | AP13: =C29 -> - | AQ13: =IF(N64-AQ35-P64>0,N64-AQ35-P64,0) -> 0 | AR13: =M64 -> 0 | AS13: =IF($U64>=1,VLOOKUP($T64,$J$15:$N$34,3,FALSE)/2,$Q64/2) -> 0 | AT13: =IF(AND(M64=0,N64=0),0,DEGREES(ASIN(AQ13/(SQRT((AQ13^2)+(AR13^2)))))) -> 0 | AU13: =DEGREES(ASIN(O64/(SQRT((O64^2)+(AS13^2))))) -> #DIV/0! | AV13: =(IF(T65="",0,VLOOKUP($T65,$J$15:$N$34,5,FALSE)*U65))+(IF(T64="",0,(VLOOKUP($T64,$J$15:$N$34,5,FALSE)*U64)))+(Q64*R64)+(Q65*R65) -> 0 | AW13: =AX13+AY13+AZ13 -> 0 | AX13: =(2*((IF($D$13>0,$D$13,D29)*F29)+(IF($D$13>0,$D$13,D29)*E29)))-AV13 -> 0 | AY13: =E29*F29 -> 0 | AZ13: =AY13 -> 0 | BA13: =((AZ13*VLOOKUP(H29,$BG$4:$BJ$6,2,FALSE))/AW13)+((AX13*VLOOKUP(H29,$BG$4:$BJ$6,3,FALSE))/AW13)+((AY13*VLOOKUP(H29,$BG$4:$BJ$6,4,FALSE))/AW13) -> #N/A | BB13: =90-AT13-AU13 -> #DIV/0! | BC13: =IF(K24="","",J24) | BE13: Bedroom Six | BF13: 0.015
C14: Number of Stories | D14: 0 | F14: Calculation Method | G14: One | AP14: =C30 -> - | AQ14: =IF(N66-AQ36-P66>0,N66-AQ36-P66,0) -> 0 | AR14: =M66 -> 0 | AS14: =IF($U66>=1,VLOOKUP($T66,$J$15:$N$34,3,FALSE)/2,$Q66/2) -> 0 | AT14: =IF(AND(M66=0,N66=0),0,DEGREES(ASIN(AQ14/(SQRT((AQ14^2)+(AR14^2)))))) -> 0 | AU14: =DEGREES(ASIN(O66/(SQRT((O66^2)+(AS14^2))))) -> #DIV/0! | AV14: =(IF(T67="",0,VLOOKUP($T67,$J$15:$N$34,5,FALSE)*U67))+(IF(T66="",0,(VLOOKUP($T66,$J$15:$N$34,5,FALSE)*U66)))+(Q66*R66)+(Q67*R67) -> 0 | AW14: =AX14+AY14+AZ14 -> 0 | AX14: =(2*((IF($D$13>0,$D$13,D30)*F30)+(IF($D$13>0,$D$13,D30)*E30)))-AV14 -> 0 | AY14: =E30*F30 -> 0 | AZ14: =AY14 -> 0 | BA14: =((AZ14*VLOOKUP(H30,$BG$4:$BJ$6,2,FALSE))/AW14)+((AX14*VLOOKUP(H30,$BG$4:$BJ$6,3,FALSE))/AW14)+((AY14*VLOOKUP(H30,$BG$4:$BJ$6,4,FALSE))/AW14) -> #N/A | BB14: =90-AT14-AU14 -> #DIV/0! | BC14: =IF(K25="","",J25) | BE14: Bedroom Seven | BF14: 0.015
J15: Window 1 | K15: 2 | L15: 1.5 | M15: 90 | N15: =K15*L15 -> 3 | AP15: =C31 -> - | AQ15: =IF(N68-AQ37-P68>0,N68-AQ37-P68,0) -> 0 | AR15: =M68 -> 0 | AS15: =IF($U68>=1,VLOOKUP($T68,$J$15:$N$34,3,FALSE)/2,$Q68/2) -> 0 | AT15: =IF(AND(M68=0,N68=0),0,DEGREES(ASIN(AQ15/(SQRT((AQ15^2)+(AR15^2)))))) -> 0 | AU15: =DEGREES(ASIN(O68/(SQRT((O68^2)+(AS15^2))))) -> #DIV/0! | AV15: =(IF(T69="",0,VLOOKUP($T69,$J$15:$N$34,5,FALSE)*U69))+(IF(T68="",0,(VLOOKUP($T68,$J$15:$N$34,5,FALSE)*U68)))+(Q68*R68)+(Q69*R69) -> 0 | AW15: =AX15+AY15+AZ15 -> 0 | AX15: =(2*((IF($D$13>0,$D$13,D31)*F31)+(IF($D$13>0,$D$13,D31)*E31)))-AV15 -> 0 | AY15: =E31*F31 -> 0 | AZ15: =AY15 -> 0 | BA15: =((AZ15*VLOOKUP(H31,$BG$4:$BJ$6,2,FALSE))/AW15)+((AX15*VLOOKUP(H31,$BG$4:$BJ$6,3,FALSE))/AW15)+((AY15*VLOOKUP(H31,$BG$4:$BJ$6,4,FALSE))/AW15) -> #N/A | BB15: =90-AT15-AU15 -> #DIV/0! | BC15: =IF(K26="","",J26) | BE15: Bedroom Eight | BF15: 0.015
C16: Define dwelling spaces by selecting "-" and determining a space name from the list. Then supply room dimensions, story, and reflectance's. If a standard wall hight has been used, one doesn't need to be input. | J16: =IF(N15>0,"Window 2","") -> Window 2 | K16: 1.2 | L16: 1.5 | N16: =K16*L16 -> 1.8 | AP16: =C32 -> - | AQ16: =IF(N70-AQ38-P70>0,N70-AQ38-P70,0) -> 0 | AR16: =M70 -> 0 | AS16: =IF($U70>=1,VLOOKUP($T70,$J$15:$N$34,3,FALSE)/2,$Q70/2) -> 0 | AT16: =IF(AND(M70=0,N70=0),0,DEGREES(ASIN(AQ16/(SQRT((AQ16^2)+(AR16^2)))))) -> 0 | AU16: =DEGREES(ASIN(O70/(SQRT((O70^2)+(AS16^2))))) -> #DIV/0! | AV16: =(IF(T71="",0,VLOOKUP($T71,$J$15:$N$34,5,FALSE)*U71))+(IF(T70="",0,(VLOOKUP($T70,$J$15:$N$34,5,FALSE)*U70)))+(Q70*R70)+(Q71*R71) -> 0 | AW16: =AX16+AY16+AZ16 -> 0 | AX16: =(2*((IF($D$13>0,$D$13,D32)*F32)+(IF($D$13>0,$D$13,D32)*E32)))-AV16 -> 0 | AY16: =E32*F32 -> 0 | AZ16: =AY16 -> 0 | BA16: =((AZ16*VLOOKUP(H32,$BG$4:$BJ$6,2,FALSE))/AW16)+((AX16*VLOOKUP(H32,$BG$4:$BJ$6,3,FALSE))/AW16)+((AY16*VLOOKUP(H32,$BG$4:$BJ$6,4,FALSE))/AW16) -> #N/A | BB16: =90-AT16-AU16 -> #DIV/0! | BC16: =IF(K27="","",J27) | BE16: Bedroom Nine | BF16: 0.015
J17: =IF(N16>0,"Window 3","") -> Window 3 | N17: =K17*L17 -> 0 | AP17: =C33 -> - | AQ17: =IF(N72-AQ39-P72>0,N72-AQ39-P72,0) -> 0 | AR17: =M72 -> 0 | AS17: =IF($U72>=1,VLOOKUP($T72,$J$15:$N$34,3,FALSE)/2,$Q72/2) -> 0 | AT17: =IF(AND(M72=0,N72=0),0,DEGREES(ASIN(AQ17/(SQRT((AQ17^2)+(AR17^2)))))) -> 0 | AU17: =DEGREES(ASIN(O72/(SQRT((O72^2)+(AS17^2))))) -> #DIV/0! | AV17: =(IF(T73="",0,VLOOKUP($T73,$J$15:$N$34,5,FALSE)*U73))+(IF(T72="",0,(VLOOKUP($T72,$J$15:$N$34,5,FALSE)*U72)))+(Q72*R72)+(Q73*R73) -> 0 | AW17: =AX17+AY17+AZ17 -> 0 | AX17: =(2*((IF($D$13>0,$D$13,D33)*F33)+(IF($D$13>0,$D$13,D33)*E33)))-AV17 -> 0 | AY17: =E33*F33 -> 0 | AZ17: =AY17 -> 0 | BA17: =((AZ17*VLOOKUP(H33,$BG$4:$BJ$6,2,FALSE))/AW17)+((AX17*VLOOKUP(H33,$BG$4:$BJ$6,3,FALSE))/AW17)+((AY17*VLOOKUP(H33,$BG$4:$BJ$6,4,FALSE))/AW17) -> #N/A | BB17: =90-AT17-AU17 -> #DIV/0! | BC17: =IF(K28="","",J28) | BE17: Bedroom Ten | BF17: 0.015
C18: Space Name | D18: =IF(D13>0,"","Wall Height (m)") -> Wall Height (m) | E18: Floor Width (m) | F18: Floor Length (m) | G18: Story | H18: Surface Reflectance | J18: =IF(N17>0,"Window 4","") | N18: =K18*L18 -> 0 | BC18: =IF(K29="","",J29) | BD18: Not Significantly
J19: =IF(N18>0,"Window 5","") | N19: =K19*L19 -> 0 | BC19: =IF(K30="","",J30) | BD19: Significantly
C20: Main Bedroom | D20: 2.5 | J20: =IF(N19>0,"Window 6","") | N20: =K20*L20 -> 0 | BC20: =IF(K31="","",J31)
C21: Bedroom Two | D21: 1 | J21: =IF(N20>0,"Window 7","") | N21: =K21*L21 -> 0 | BC21: =IF(K32="","",J32)
C22: - | J22: =IF(N21>0,"Window 8","") | N22: =K22*L22 -> 0 | AR22: Medium | AS22: 0.7 | AT22: 0.4 | AU22: 0.2 | AW22: Option One | BC22: =IF(K33="","",J33) | BD22: Option Two
C23: - | J23: =IF(N22>0,"Window 9","") | N23: =K23*L23 -> 0 | AO23: =$J15 -> Window 1 | AP23: =$N15*$M15 -> 270 | AR23: High | AS23: 0.7 | AT23: 0.6 | AU23: 0.4 | AW23: Studio | AX23: 1 bedroom dwelling | AZ23: 2+ bedroom dwelling | BC23: =IF(K34="","",J34) | BD23: Studio | BE23: 1 bedroom dwelling | BG23: 2+ bedroom dwelling
C24: - | J24: =IF(N23>0,"Window 10","") | N24: =K24*L24 -> 0 | AO24: =$J16 -> Window 2 | AP24: =$N16*$M16 -> 0 | AS24: - | AT24: Spaces | AW24: =IFERROR(IF(SUM(AW26:AW40)/COUNTIF(AW26:AW40,">=0")=1,3,0),0) -> 0 | AX24: =IFERROR(IF(SUM(AX26:AX40)/COUNTIF(AX26:AX40,">=0")=1,2,0),0) -> 0 | AY24: =IFERROR(IF(SUM(AY26:AY40)/COUNTIF(AY26:AY40,">=0")=1,1,0),0) -> 0 | AZ24: =IFERROR(IF(SUM(AZ26:AZ40)/COUNTIF(AZ26:AZ40,">=0")=1,1,0),0) -> 0 | BA24: =IFERROR(IF(SUM(BA26:BA40)/COUNTIF(BA26:BA40,">=0")=1,1,0),0) -> 0 | BB24: =IFERROR(IF(SUM(BB26:BB40)/COUNTIF(BB26:BB40,">=0")=1,1,0),0) -> 0 | BC24: =IF(K35="","",J35) | BD24: =IFERROR(IF(SUM(BD26:BD35)/COUNTIF(BD26:BD35,">=0")=1,3,0),0) -> 0 | BE24: =IFERROR(IF(SUM(BE26:BE35)/COUNTIF(BE26:BE35,">=0")=1,2,0),0) -> 0 | BF24: =IFERROR(IF(SUM(BF26:BF35)/COUNTIF(BF26:BF35,">=0")=1,1,0),0) -> 0 | BG24: =IFERROR(IF(SUM(BG26:BG35)/COUNTIF(BG26:BG35,">=0")=1,1,0),0) -> 0 | BH24: =IFERROR(IF(SUM(BH26:BH35)/COUNTIF(BH26:BH35,">=0")=1,1,0),0) -> 0 | BI24: =IFERROR(IF(SUM(BI26:BI35)/COUNTIF(BI26:BI35,">=0")=1,1,0),0) -> 0
C25: - | J25: =IF(N24>0,"Window 11","") | N25: =K25*L25 -> 0 | AO25: =$J17 -> Window 3 | AP25: =$N17*$M17 -> 0 | AW25: Habitable | AX25: Living Kitchen | AY25: Bedroom | AZ25: Living Kitchen | BA25: M Bedroom | BB25: Bedroom | BC25: =IF(K36="","",J36) | BD25: Habitable | BE25: Living Kitchen | BF25: Bedroom | BG25: Living Kitchen | BH25: M Bedroom | BI25: Bedroom
C26: - | J26: =IF(N25>0,"Window 12","") | N26: =K26*L26 -> 0 | AO26: =$J18 | AP26: =$N18*$M18 -> 0 | AQ26: =VALUE(CONCATENATE(IF($G20="Ground",0,0),IF($G20=2,$D$13,0),IF($G20=3,2*$D$13,0),IF($G20=4,3*$D$13,0))) -> 0 | AR26: =IFERROR(CONCATENATE(IF($D$14=1,"Ground",""),IF($D$14=2,"Ground",""),IF($D$14=3,"Ground",""),IF($D$14=4,"Ground",""),IF($D$14="","","")),"") | AS26: {=IFERROR(INDEX(AT$26:AT$54, MATCH(0, INDEX( COUNTIF( AS$25:AS25, AT$26:AT$54)+ (COUNTIF( AT$26:AT$54, AT$26:AT$54)<>1),), 0)),"")} -> Living Room One | AT26: Living Room One | AU26: 0.015 | AV26: =C44 -> Main Bedroom | AW26: =IF(OR(C44=$BE$4,C44=$BE$5,C44=$BE$8,C44=$BE$9,C44=$BE$10,C44=$BE$11,C44=$BE$12,C44=$BE$13,C44=$BE$14,C44=$BE$15,C44=$BE$16,C44=$BE$17),IF(I44="Yes",1,0),"") -> 0 | AX26: =IF(OR(C44=$BE$4,C44=$BE$5,C44=$BE$6,C44=$BE$7),IF(I44="Yes",1,0),"") | AY26: =IF(OR(C44=$BE$8),IF(I44="Yes",1,0),"") -> 0 | AZ26: =IF(OR(C44=$BE$4,C44=$BE$5,C44=$BE$6,C44=$BE$7),IF(I44="Yes",1,0),"") | BA26: =IF(OR(C44=$BE$8),IF(I44="Yes",1,0),"") -> 0 | BB26: =IF(OR(C44=$BE$9,C44=$BE$10,C44=$BE$11,C44=$BE$12,C44=$BE$13,C44=$BE$14,C44=$BE$15,C44=$BE$16,C44=$BE$17),IF(I44="Yes",1,0),"") | BC26: =AV26 -> Main Bedroom | BD26: =IF(OR(L45=$BE$4,L45=$BE$5,L45=$BE$8,L45=$BE$9,L45=$BE$10,L45=$BE$11,L45=$BE$12,L45=$BE$13,L45=$BE$14,L45=$BE$15,L45=$BE$16,L45=$BE$17),IF(W45="Yes",1,0),"") -> 0 | BE26: =IF(OR(L45=$BE$4,L45=$BE$5,L45=$BE$6,L45=$BE$7),IF(W45="Yes",1,0),"") | BF26: =IF(OR(L45=$BE$8),IF(W45="Yes",1,0),"") -> 0 | BG26: =IF(OR(L45=$BE$4,L45=$BE$5,L45=$BE$6,L45=$BE$7),IF(W45="Yes",1,0),"") | BH26: =IF(OR(L45=$BE$8),IF(W45="Yes",1,0),"") -> 0 | BI26: =IF(OR(L45=$BE$9,L45=$BE$10,L45=$BE$11,L45=$BE$12,L45=$BE$13,L45=$BE$14,L45=$BE$15,L45=$BE$16,L45=$BE$17),IF(P44="Yes",1,0),"")
C27: - | J27: =IF(N26>0,"Window 13","") | N27: =K27*L27 -> 0 | AO27: =$J19 | AP27: =$N19*$M19 -> 0 | AQ27: =VALUE(CONCATENATE(IF($G21="Ground",0,0),IF($G21=2,$D$13,0),IF($G21=3,2*$D$13,0),IF($G21=4,3*$D$13,0))) -> 0 | AR27: =IFERROR(VALUE(CONCATENATE(IF($D$14=1,"",""),IF($D$14=2,2,""),IF($D$14=3,2,""),IF($D$14=4,2,""))),"") | AS27: {=IFERROR(INDEX(AT$26:AT$54, MATCH(0, INDEX( COUNTIF( AS$25:AS26, AT$26:AT$54)+ (COUNTIF( AT$26:AT$54, AT$26:AT$54)<>1),), 0)),"")} -> Living Room Two | AT27: Living Room Two | AU27: 0.015 | AV27: =C45 -> Bedroom Two | AW27: =IF(OR(C45=$BE$4,C45=$BE$5,C45=$BE$8,C45=$BE$9,C45=$BE$10,C45=$BE$11,C45=$BE$12,C45=$BE$13,C45=$BE$14,C45=$BE$15,C45=$BE$16,C45=$BE$17),IF(I45="Yes",1,0),"") -> 0 | AX27: =IF(OR(C45=$BE$4,C45=$BE$5,C45=$BE$6,C45=$BE$7),IF(I45="Yes",1,0),"") | AY27: =IF(OR(C45=$BE$8),IF(I45="Yes",1,0),"") | AZ27: =IF(OR(C45=$BE$4,C45=$BE$5,C45=$BE$6,C45=$BE$7),IF(I45="Yes",1,0),"") | BA27: =IF(OR(C45=$BE$8),IF(I45="Yes",1,0),"") | BB27: =IF(OR(C45=$BE$9,C45=$BE$10,C45=$BE$11,C45=$BE$12,C45=$BE$13,C45=$BE$14,C45=$BE$15,C45=$BE$16,C45=$BE$17),IF(I45="Yes",1,0),"") -> 0 | BC27: =AV27 -> Bedroom Two | BD27: =IF(OR(L48=$BE$4,L48=$BE$5,L48=$BE$8,L48=$BE$9,L48=$BE$10,L48=$BE$11,L48=$BE$12,L48=$BE$13,L48=$BE$14,L48=$BE$15,L48=$BE$16,L48=$BE$17),IF(W48="Yes",1,0),"") -> 0 | BE27: =IF(OR(L48=$BE$4,L48=$BE$5,L48=$BE$6,L48=$BE$7),IF(W48="Yes",1,0),"") | BF27: =IF(OR(L48=$BE$8),IF(W48="Yes",1,0),"") | BG27: =IF(OR(L48=$BE$4,L48=$BE$5,L48=$BE$6,L48=$BE$7),IF(W48="Yes",1,0),"") | BH27: =IF(OR(L48=$BE$8),IF(W48="Yes",1,0),"") | BI27: =IF(OR(L48=$BE$9,L48=$BE$10,L48=$BE$11,L48=$BE$12,L48=$BE$13,L48=$BE$14,L48=$BE$15,L48=$BE$16,L48=$BE$17),IF(W48="Yes",1,0),"") -> 0
C28: - | J28: =IF(N27>0,"Window 14","") | N28: =K28*L28 -> 0 | AO28: =$J20 | AP28: =$N20*$M20 -> 0 | AQ28: =VALUE(CONCATENATE(IF($G22="Ground",0,0),IF($G22=2,$D$13,0),IF($G22=3,2*$D$13,0),IF($G22=4,3*$D$13,0))) -> 0 | AR28: =IFERROR(VALUE(CONCATENATE(IF($D$14=1,"",""),IF($D$14=2,"",""),IF($D$14=3,3,""),IF($D$14=4,3,""),IF($D$14="","",""))),"") | AS28: {=IFERROR(INDEX(AT$26:AT$54, MATCH(0, INDEX( COUNTIF( AS$25:AS27, AT$26:AT$54)+ (COUNTIF( AT$26:AT$54, AT$26:AT$54)<>1),), 0)),"")} -> Living Room Three | AT28: Living Room Three | AU28: 0.015 | AV28: =C46 -> - | AW28: =IF(OR(C46=$BE$4,C46=$BE$5,C46=$BE$8,C46=$BE$9,C46=$BE$10,C46=$BE$11,C46=$BE$12,C46=$BE$13,C46=$BE$14,C46=$BE$15,C46=$BE$16,C46=$BE$17),IF(I46="Yes",1,0),"") | AX28: =IF(OR(C46=$BE$4,C46=$BE$5,C46=$BE$6,C46=$BE$7),IF(I46="Yes",1,0),"") | AY28: =IF(OR(C46=$BE$8),IF(I46="Yes",1,0),"") | AZ28: =IF(OR(C46=$BE$4,C46=$BE$5,C46=$BE$6,C46=$BE$7),IF(I46="Yes",1,0),"") | BA28: =IF(OR(C46=$BE$8),IF(I46="Yes",1,0),"") | BB28: =IF(OR(C46=$BE$9,C46=$BE$10,C46=$BE$11,C46=$BE$12,C46=$BE$13,C46=$BE$14,C46=$BE$15,C46=$BE$16,C46=$BE$17),IF(I46="Yes",1,0),"") | BC28: =AV28 -> - | BD28: =IF(OR(L50=$BE$4,L50=$BE$5,L50=$BE$8,L50=$BE$9,L50=$BE$10,L50=$BE$11,L50=$BE$12,L50=$BE$13,L50=$BE$14,L50=$BE$15,L50=$BE$16,L50=$BE$17),IF(W50="Yes",1,0),"") | BE28: =IF(OR(L50=$BE$4,L50=$BE$5,L50=$BE$6,L50=$BE$7),IF(W50="Yes",1,0),"") | BF28: =IF(OR(L50=$BE$8),IF(W50="Yes",1,0),"") | BG28: =IF(OR(L50=$BE$4,L50=$BE$5,L50=$BE$6,L50=$BE$7),IF(W50="Yes",1,0),"") | BH28: =IF(OR(L50=$BE$8),IF(W50="Yes",1,0),"") | BI28: =IF(OR(L50=$BE$9,L50=$BE$10,L50=$BE$11,L50=$BE$12,L50=$BE$13,L50=$BE$14,L50=$BE$15,L50=$BE$16,L50=$BE$17),IF(W50="Yes",1,0),"")
C29: - | J29: =IF(N28>0,"Window 15","") | N29: =K29*L29 -> 0 | AO29: =$J21 | AP29: =$N21*$M21 -> 0 | AQ29: =VALUE(CONCATENATE(IF($G23="Ground",0,0),IF($G23=2,$D$13,0),IF($G23=3,2*$D$13,0),IF($G23=4,3*$D$13,0))) -> 0 | AR29: =IFERROR(VALUE(CONCATENATE(IF($D$14=1,"",""),IF($D$14=2,"",""),IF($D$14=3,"",""),IF($D$14=4,4,""),IF($D$14="","",""))),"") | AS29: {=IFERROR(INDEX(AT$26:AT$54, MATCH(0, INDEX( COUNTIF( AS$25:AS28, AT$26:AT$54)+ (COUNTIF( AT$26:AT$54, AT$26:AT$54)<>1),), 0)),"")} -> Living Room Four | AT29: Living Room Four | AU29: 0.015 | AV29: =C47 -> - | AW29: =IF(OR(C47=$BE$4,C47=$BE$5,C47=$BE$8,C47=$BE$9,C47=$BE$10,C47=$BE$11,C47=$BE$12,C47=$BE$13,C47=$BE$14,C47=$BE$15,C47=$BE$16,C47=$BE$17),IF(I47="Yes",1,0),"") | AX29: =IF(OR(C47=$BE$4,C47=$BE$5,C47=$BE$6,C47=$BE$7),IF(I47="Yes",1,0),"") | AY29: =IF(OR(C47=$BE$8),IF(I47="Yes",1,0),"") | AZ29: =IF(OR(C47=$BE$4,C47=$BE$5,C47=$BE$6,C47=$BE$7),IF(I47="Yes",1,0),"") | BA29: =IF(OR(C47=$BE$8),IF(I47="Yes",1,0),"") | BB29: =IF(OR(C47=$BE$9,C47=$BE$10,C47=$BE$11,C47=$BE$12,C47=$BE$13,C47=$BE$14,C47=$BE$15,C47=$BE$16,C47=$BE$17),IF(I47="Yes",1,0),"") | BC29: =AV29 -> - | BD29: =IF(OR(L52=$BE$4,L52=$BE$5,L52=$BE$8,L52=$BE$9,L52=$BE$10,L52=$BE$11,L52=$BE$12,L52=$BE$13,L52=$BE$14,L52=$BE$15,L52=$BE$16,L52=$BE$17),IF(W52="Yes",1,0),"") | BE29: =IF(OR(L52=$BE$4,L52=$BE$5,L52=$BE$6,L52=$BE$7),IF(W52="Yes",1,0),"") | BF29: =IF(OR(L52=$BE$8),IF(W52="Yes",1,0),"") | BG29: =IF(OR(L52=$BE$4,L52=$BE$5,L52=$BE$6,L52=$BE$7),IF(W52="Yes",1,0),"") | BH29: =IF(OR(L52=$BE$8),IF(W52="Yes",1,0),"") | BI29: =IF(OR(L52=$BE$9,L52=$BE$10,L52=$BE$11,L52=$BE$12,L52=$BE$13,L52=$BE$14,L52=$BE$15,L52=$BE$16,L52=$BE$17),IF(W52="Yes",1,0),"")
C30: - | J30: =IF(N29>0,"Window 16","") | N30: =K30*L30 -> 0 | AO30: =$J22 | AP30: =$N22*$M22 -> 0 | AQ30: =VALUE(CONCATENATE(IF($G24="Ground",0,0),IF($G24=2,$D$13,0),IF($G24=3,2*$D$13,0),IF($G24=4,3*$D$13,0))) -> 0 | AS30: {=IFERROR(INDEX(AT$26:AT$54, MATCH(0, INDEX( COUNTIF( AS$25:AS29, AT$26:AT$54)+ (COUNTIF( AT$26:AT$54, AT$26:AT$54)<>1),), 0)),"")} -> Kitchen One | AT30: Kitchen One | AU30: 0.02 | AV30: =C48 -> - | AW30: =IF(OR(C48=$BE$4,C48=$BE$5,C48=$BE$8,C48=$BE$9,C48=$BE$10,C48=$BE$11,C48=$BE$12,C48=$BE$13,C48=$BE$14,C48=$BE$15,C48=$BE$16,C48=$BE$17),IF(I48="Yes",1,0),"") | AX30: =IF(OR(C48=$BE$4,C48=$BE$5,C48=$BE$6,C48=$BE$7),IF(I48="Yes",1,0),"") | AY30: =IF(OR(C48=$BE$8),IF(I48="Yes",1,0),"") | AZ30: =IF(OR(C48=$BE$4,C48=$BE$5,C48=$BE$6,C48=$BE$7),IF(I48="Yes",1,0),"") | BA30: =IF(OR(C48=$BE$8),IF(I48="Yes",1,0),"") | BB30: =IF(OR(C48=$BE$9,C48=$BE$10,C48=$BE$11,C48=$BE$12,C48=$BE$13,C48=$BE$14,C48=$BE$15,C48=$BE$16,C48=$BE$17),IF(I48="Yes",1,0),"") | BC30: =AV30 -> - | BD30: =IF(OR(L54=$BE$4,L54=$BE$5,L54=$BE$8,L54=$BE$9,L54=$BE$10,L54=$BE$11,L54=$BE$12,L54=$BE$13,L54=$BE$14,L54=$BE$15,L54=$BE$16,L54=$BE$17),IF(W54="Yes",1,0),"") | BE30: =IF(OR(L54=$BE$4,L54=$BE$5,L54=$BE$6,L54=$BE$7),IF(W54="Yes",1,0),"") | BF30: =IF(OR(L54=$BE$8),IF(W54="Yes",1,0),"") | BG30: =IF(OR(L54=$BE$4,L54=$BE$5,L54=$BE$6,L54=$BE$7),IF(W54="Yes",1,0),"") | BH30: =IF(OR(L54=$BE$8),IF(W54="Yes",1,0),"") | BI30: =IF(OR(L54=$BE$9,L54=$BE$10,L54=$BE$11,L54=$BE$12,L54=$BE$13,L54=$BE$14,L54=$BE$15,L54=$BE$16,L54=$BE$17),IF(W54="Yes",1,0),"")
C31: - | J31: =IF(N30>0,"Window 17","") | N31: =K31*L31 -> 0 | AO31: =$J23 | AP31: =$N23*$M23 -> 0 | AQ31: =VALUE(CONCATENATE(IF($G25="Ground",0,0),IF($G25=2,$D$13,0),IF($G25=3,2*$D$13,0),IF($G25=4,3*$D$13,0))) -> 0 | AS31: {=IFERROR(INDEX(AT$26:AT$54, MATCH(0, INDEX( COUNTIF( AS$25:AS30, AT$26:AT$54)+ (COUNTIF( AT$26:AT$54, AT$26:AT$54)<>1),), 0)),"")} -> Kitchen Two | AT31: Kitchen Two | AU31: 0.02 | AV31: =C49 -> - | AW31: =IF(OR(C49=$BE$4,C49=$BE$5,C49=$BE$8,C49=$BE$9,C49=$BE$10,C49=$BE$11,C49=$BE$12,C49=$BE$13,C49=$BE$14,C49=$BE$15,C49=$BE$16,C49=$BE$17),IF(I49="Yes",1,0),"") | AX31: =IF(OR(C49=$BE$4,C49=$BE$5,C49=$BE$6,C49=$BE$7),IF(I49="Yes",1,0),"") | AY31: =IF(OR(C49=$BE$8),IF(I49="Yes",1,0),"") | AZ31: =IF(OR(C49=$BE$4,C49=$BE$5,C49=$BE$6,C49=$BE$7),IF(I49="Yes",1,0),"") | BA31: =IF(OR(C49=$BE$8),IF(I49="Yes",1,0),"") | BB31: =IF(OR(C49=$BE$9,C49=$BE$10,C49=$BE$11,C49=$BE$12,C49=$BE$13,C49=$BE$14,C49=$BE$15,C49=$BE$16,C49=$BE$17),IF(I49="Yes",1,0),"") | BC31: =AV31 -> - | BD31: =IF(OR(L56=$BE$4,L56=$BE$5,L56=$BE$8,L56=$BE$9,L56=$BE$10,L56=$BE$11,L56=$BE$12,L56=$BE$13,L56=$BE$14,L56=$BE$15,L56=$BE$16,L56=$BE$17),IF(W56="Yes",1,0),"") | BE31: =IF(OR(L56=$BE$4,L56=$BE$5,L56=$BE$6,L56=$BE$7),IF(W56="Yes",1,0),"") | BF31: =IF(OR(L56=$BE$8),IF(W56="Yes",1,0),"") | BG31: =IF(OR(L56=$BE$4,L56=$BE$5,L56=$BE$6,L56=$BE$7),IF(W56="Yes",1,0),"") | BH31: =IF(OR(L56=$BE$8),IF(W56="Yes",1,0),"") | BI31: =IF(OR(L56=$BE$9,L56=$BE$10,L56=$BE$11,L56=$BE$12,L56=$BE$13,L56=$BE$14,L56=$BE$15,L56=$BE$16,L56=$BE$17),IF(W56="Yes",1,0),"")
C32: - | J32: =IF(N31>0,"Window 18","") | N32: =K32*L32 -> 0 | AO32: =$J24 | AP32: =$N24*$M24 -> 0 | AQ32: =VALUE(CONCATENATE(IF($G26="Ground",0,0),IF($G26=2,$D$13,0),IF($G26=3,2*$D$13,0),IF($G26=4,3*$D$13,0))) -> 0 | AS32: {=IFERROR(INDEX(AT$26:AT$54, MATCH(0, INDEX( COUNTIF( AS$25:AS31, AT$26:AT$54)+ (COUNTIF( AT$26:AT$54, AT$26:AT$54)<>1),), 0)),"")} -> Bedroom Three | AT32: Main Bedroom | AU32: 0.015 | AV32: =C50 -> - | AW32: =IF(OR(C50=$BE$4,C50=$BE$5,C50=$BE$8,C50=$BE$9,C50=$BE$10,C50=$BE$11,C50=$BE$12,C50=$BE$13,C50=$BE$14,C50=$BE$15,C50=$BE$16,C50=$BE$17),IF(I50="Yes",1,0),"") | AX32: =IF(OR(C50=$BE$4,C50=$BE$5,C50=$BE$6,C50=$BE$7),IF(I50="Yes",1,0),"") | AY32: =IF(OR(C50=$BE$8),IF(I50="Yes",1,0),"") | AZ32: =IF(OR(C50=$BE$4,C50=$BE$5,C50=$BE$6,C50=$BE$7),IF(I50="Yes",1,0),"") | BA32: =IF(OR(C50=$BE$8),IF(I50="Yes",1,0),"") | BB32: =IF(OR(C50=$BE$9,C50=$BE$10,C50=$BE$11,C50=$BE$12,C50=$BE$13,C50=$BE$14,C50=$BE$15,C50=$BE$16,C50=$BE$17),IF(I50="Yes",1,0),"") | BC32: =AV32 -> - | BD32: =IF(OR(L58=$BE$4,L58=$BE$5,L58=$BE$8,L58=$BE$9,L58=$BE$10,L58=$BE$11,L58=$BE$12,L58=$BE$13,L58=$BE$14,L58=$BE$15,L58=$BE$16,L58=$BE$17),IF(W58="Yes",1,0),"") | BE32: =IF(OR(L58=$BE$4,L58=$BE$5,L58=$BE$6,L58=$BE$7),IF(W58="Yes",1,0),"") | BF32: =IF(OR(L58=$BE$8),IF(W58="Yes",1,0),"") | BG32: =IF(OR(L58=$BE$4,L58=$BE$5,L58=$BE$6,L58=$BE$7),IF(W58="Yes",1,0),"") | BH32: =IF(OR(L58=$BE$8),IF(W58="Yes",1,0),"") | BI32: =IF(OR(L58=$BE$9,L58=$BE$10,L58=$BE$11,L58=$BE$12,L58=$BE$13,L58=$BE$14,L58=$BE$15,L58=$BE$16,L58=$BE$17),IF(W58="Yes",1,0),"")
C33: - | J33: =IF(N32>0,"Window 19","") | N33: =K33*L33 -> 0 | AO33: =$J25 | AP33: =$N25*$M25 -> 0 | AQ33: =VALUE(CONCATENATE(IF($G27="Ground",0,0),IF($G27=2,$D$13,0),IF($G27=3,2*$D$13,0),IF($G27=4,3*$D$13,0))) -> 0 | AS33: {=IFERROR(INDEX(AT$26:AT$54, MATCH(0, INDEX( COUNTIF( AS$25:AS32, AT$26:AT$54)+ (COUNTIF( AT$26:AT$54, AT$26:AT$54)<>1),), 0)),"")} -> Bedroom Four | AT33: Bedroom Two | AU33: 0.015 | AV33: =C51 -> - | AW33: =IF(OR(C51=$BE$4,C51=$BE$5,C51=$BE$8,C51=$BE$9,C51=$BE$10,C51=$BE$11,C51=$BE$12,C51=$BE$13,C51=$BE$14,C51=$BE$15,C51=$BE$16,C51=$BE$17),IF(I51="Yes",1,0),"") | AX33: =IF(OR(C51=$BE$4,C51=$BE$5,C51=$BE$6,C51=$BE$7),IF(I51="Yes",1,0),"") | AY33: =IF(OR(C51=$BE$8),IF(I51="Yes",1,0),"") | AZ33: =IF(OR(C51=$BE$4,C51=$BE$5,C51=$BE$6,C51=$BE$7),IF(I51="Yes",1,0),"") | BA33: =IF(OR(C51=$BE$8),IF(I51="Yes",1,0),"") | BB33: =IF(OR(C51=$BE$9,C51=$BE$10,C51=$BE$11,C51=$BE$12,C51=$BE$13,C51=$BE$14,C51=$BE$15,C51=$BE$16,C51=$BE$17),IF(I51="Yes",1,0),"") | BC33: =AV33 -> - | BD33: =IF(OR(L60=$BE$4,L60=$BE$5,L60=$BE$8,L60=$BE$9,L60=$BE$10,L60=$BE$11,L60=$BE$12,L60=$BE$13,L60=$BE$14,L60=$BE$15,L60=$BE$16,L60=$BE$17),IF(W60="Yes",1,0),"") | BE33: =IF(OR(L60=$BE$4,L60=$BE$5,L60=$BE$6,L60=$BE$7),IF(W60="Yes",1,0),"") | BF33: =IF(OR(L60=$BE$8),IF(W60="Yes",1,0),"") | BG33: =IF(OR(L60=$BE$4,L60=$BE$5,L60=$BE$6,L60=$BE$7),IF(W60="Yes",1,0),"") | BH33: =IF(OR(L60=$BE$8),IF(W60="Yes",1,0),"") | BI33: =IF(OR(L60=$BE$9,L60=$BE$10,L60=$BE$11,L60=$BE$12,L60=$BE$13,L60=$BE$14,L60=$BE$15,L60=$BE$16,L60=$BE$17),IF(W60="Yes",1,0),"")
C34: - | J34: =IF(N33>0,"Window 20","") | N34: =K34*L34 -> 0 | AO34: =$J26 | AP34: =$N26*$M26 -> 0 | AQ34: =VALUE(CONCATENATE(IF($G28="Ground",0,0),IF($G28=2,$D$13,0),IF($G28=3,2*$D$13,0),IF($G28=4,3*$D$13,0))) -> 0 | AS34: {=IFERROR(INDEX(AT$26:AT$54, MATCH(0, INDEX( COUNTIF( AS$25:AS33, AT$26:AT$54)+ (COUNTIF( AT$26:AT$54, AT$26:AT$54)<>1),), 0)),"")} -> Bedroom Five | AT34: Bedroom Three | AU34: 0.015 | AV34: =C52 -> - | AW34: =IF(OR(C52=$BE$4,C52=$BE$5,C52=$BE$8,C52=$BE$9,C52=$BE$10,C52=$BE$11,C52=$BE$12,C52=$BE$13,C52=$BE$14,C52=$BE$15,C52=$BE$16,C52=$BE$17),IF(I52="Yes",1,0),"") | AX34: =IF(OR(C52=$BE$4,C52=$BE$5,C52=$BE$6,C52=$BE$7),IF(I52="Yes",1,0),"") | AY34: =IF(OR(C52=$BE$8),IF(I52="Yes",1,0),"") | AZ34: =IF(OR(C52=$BE$4,C52=$BE$5,C52=$BE$6,C52=$BE$7),IF(I52="Yes",1,0),"") | BA34: =IF(OR(C52=$BE$8),IF(I52="Yes",1,0),"") | BB34: =IF(OR(C52=$BE$9,C52=$BE$10,C52=$BE$11,C52=$BE$12,C52=$BE$13,C52=$BE$14,C52=$BE$15,C52=$BE$16,C52=$BE$17),IF(I52="Yes",1,0),"") | BC34: =AV34 -> - | BD34: =IF(OR(L62=$BE$4,L62=$BE$5,L62=$BE$8,L62=$BE$9,L62=$BE$10,L62=$BE$11,L62=$BE$12,L62=$BE$13,L62=$BE$14,L62=$BE$15,L62=$BE$16,L62=$BE$17),IF(W62="Yes",1,0),"") | BE34: =IF(OR(L62=$BE$4,L62=$BE$5,L62=$BE$6,L62=$BE$7),IF(W62="Yes",1,0),"") | BF34: =IF(OR(L62=$BE$8),IF(W62="Yes",1,0),"") | BG34: =IF(OR(L62=$BE$4,L62=$BE$5,L62=$BE$6,L62=$BE$7),IF(W62="Yes",1,0),"") | BH34: =IF(OR(L62=$BE$8),IF(W62="Yes",1,0),"") | BI34: =IF(OR(L62=$BE$9,L62=$BE$10,L62=$BE$11,L62=$BE$12,L62=$BE$13,L62=$BE$14,L62=$BE$15,L62=$BE$16,L62=$BE$17),IF(W62="Yes",1,0),"")
AO35: =$J27 | AP35: =$N27*$M27 -> 0 | AQ35: =VALUE(CONCATENATE(IF($G29="Ground",0,0),IF($G29=2,$D$13,0),IF($G29=3,2*$D$13,0),IF($G29=4,3*$D$13,0))) -> 0 | AS35: {=IFERROR(INDEX(AT$26:AT$54, MATCH(0, INDEX( COUNTIF( AS$25:AS34, AT$26:AT$54)+ (COUNTIF( AT$26:AT$54, AT$26:AT$54)<>1),), 0)),"")} -> Bedroom Six | AT35: Bedroom Four | AU35: 0.015 | AV35: =C53 -> - | AW35: =IF(OR(C53=$BE$4,C53=$BE$5,C53=$BE$8,C53=$BE$9,C53=$BE$10,C53=$BE$11,C53=$BE$12,C53=$BE$13,C53=$BE$14,C53=$BE$15,C53=$BE$16,C53=$BE$17),IF(I53="Yes",1,0),"") | AX35: =IF(OR(C53=$BE$4,C53=$BE$5,C53=$BE$6,C53=$BE$7),IF(I53="Yes",1,0),"") | AY35: =IF(OR(C53=$BE$8),IF(I53="Yes",1,0),"") | AZ35: =IF(OR(C53=$BE$4,C53=$BE$5,C53=$BE$6,C53=$BE$7),IF(I53="Yes",1,0),"") | BA35: =IF(OR(C53=$BE$8),IF(I53="Yes",1,0),"") | BB35: =IF(OR(C53=$BE$9,C53=$BE$10,C53=$BE$11,C53=$BE$12,C53=$BE$13,C53=$BE$14,C53=$BE$15,C53=$BE$16,C53=$BE$17),IF(I53="Yes",1,0),"") | BC35: =AV35 -> - | BD35: =IF(OR(L64=$BE$4,L64=$BE$5,L64=$BE$8,L64=$BE$9,L64=$BE$10,L64=$BE$11,L64=$BE$12,L64=$BE$13,L64=$BE$14,L64=$BE$15,L64=$BE$16,L64=$BE$17),IF(W64="Yes",1,0),"") | BE35: =IF(OR(L64=$BE$4,L64=$BE$5,L64=$BE$6,L64=$BE$7),IF(W64="Yes",1,0),"") | BF35: =IF(OR(L64=$BE$8),IF(W64="Yes",1,0),"") | BG35: =IF(OR(L64=$BE$4,L64=$BE$5,L64=$BE$6,L64=$BE$7),IF(W64="Yes",1,0),"") | BH35: =IF(OR(L64=$BE$8),IF(W64="Yes",1,0),"") | BI35: =IF(OR(L64=$BE$9,L64=$BE$10,L64=$BE$11,L64=$BE$12,L64=$BE$13,L64=$BE$14,L64=$BE$15,L64=$BE$16,L64=$BE$17),IF(W64="Yes",1,0),"")
AO36: =$J28 | AP36: =$N28*$M28 -> 0 | AQ36: =VALUE(CONCATENATE(IF($G30="Ground",0,0),IF($G30=2,$D$13,0),IF($G30=3,2*$D$13,0),IF($G30=4,3*$D$13,0))) -> 0 | AS36: {=IFERROR(INDEX(AT$26:AT$54, MATCH(0, INDEX( COUNTIF( AS$25:AS35, AT$26:AT$54)+ (COUNTIF( AT$26:AT$54, AT$26:AT$54)<>1),), 0)),"")} -> Bedroom Seven | AT36: Bedroom Five | AU36: 0.015 | AV36: =C54 -> - | AW36: =IF(OR(C54=$BE$4,C54=$BE$5,C54=$BE$8,C54=$BE$9,C54=$BE$10,C54=$BE$11,C54=$BE$12,C54=$BE$13,C54=$BE$14,C54=$BE$15,C54=$BE$16,C54=$BE$17),IF(I54="Yes",1,0),"") | AX36: =IF(OR(C54=$BE$4,C54=$BE$5,C54=$BE$6,C54=$BE$7),IF(I54="Yes",1,0),"") | AY36: =IF(OR(C54=$BE$8),IF(I54="Yes",1,0),"") | AZ36: =IF(OR(C54=$BE$4,C54=$BE$5,C54=$BE$6,C54=$BE$7),IF(I54="Yes",1,0),"") | BA36: =IF(OR(C54=$BE$8),IF(I54="Yes",1,0),"") | BB36: =IF(OR(C54=$BE$9,C54=$BE$10,C54=$BE$11,C54=$BE$12,C54=$BE$13,C54=$BE$14,C54=$BE$15,C54=$BE$16,C54=$BE$17),IF(I54="Yes",1,0),"") | BC36: =AV36 -> - | BD36: =IF(OR(L66=$BE$4,L66=$BE$5,L66=$BE$8,L66=$BE$9,L66=$BE$10,L66=$BE$11,L66=$BE$12,L66=$BE$13,L66=$BE$14,L66=$BE$15,L66=$BE$16,L66=$BE$17),IF(W66="Yes",1,0),"") | BE36: =IF(OR(L66=$BE$4,L66=$BE$5,L66=$BE$6,L66=$BE$7),IF(W66="Yes",1,0),"") | BF36: =IF(OR(L66=$BE$8),IF(W66="Yes",1,0),"") | BG36: =IF(OR(L66=$BE$4,L66=$BE$5,L66=$BE$6,L66=$BE$7),IF(W66="Yes",1,0),"") | BH36: =IF(OR(L66=$BE$8),IF(W66="Yes",1,0),"") | BI36: =IF(OR(L66=$BE$9,L66=$BE$10,L66=$BE$11,L66=$BE$12,L66=$BE$13,L66=$BE$14,L66=$BE$15,L66=$BE$16,L66=$BE$17),IF(W66="Yes",1,0),"")
C37: Method One | L37: Method Two | AO37: =$J29 | AP37: =$N29*$M29 -> 0 | AQ37: =VALUE(CONCATENATE(IF($G31="Ground",0,0),IF($G31=2,$D$13,0),IF($G31=3,2*$D$13,0),IF($G31=4,3*$D$13,0))) -> 0 | AS37: {=IFERROR(INDEX(AT$26:AT$54, MATCH(0, INDEX( COUNTIF( AS$25:AS36, AT$26:AT$54)+ (COUNTIF( AT$26:AT$54, AT$26:AT$54)<>1),), 0)),"")} -> Bedroom Eight | AT37: Bedroom Six | AU37: 0.015 | AV37: =C55 -> - | AW37: =IF(OR(C55=$BE$4,C55=$BE$5,C55=$BE$8,C55=$BE$9,C55=$BE$10,C55=$BE$11,C55=$BE$12,C55=$BE$13,C55=$BE$14,C55=$BE$15,C55=$BE$16,C55=$BE$17),IF(I55="Yes",1,0),"") | AX37: =IF(OR(C55=$BE$4,C55=$BE$5,C55=$BE$6,C55=$BE$7),IF(I55="Yes",1,0),"") | AY37: =IF(OR(C55=$BE$8),IF(I55="Yes",1,0),"") | AZ37: =IF(OR(C55=$BE$4,C55=$BE$5,C55=$BE$6,C55=$BE$7),IF(I55="Yes",1,0),"") | BA37: =IF(OR(C55=$BE$8),IF(I55="Yes",1,0),"") | BB37: =IF(OR(C55=$BE$9,C55=$BE$10,C55=$BE$11,C55=$BE$12,C55=$BE$13,C55=$BE$14,C55=$BE$15,C55=$BE$16,C55=$BE$17),IF(I55="Yes",1,0),"") | BC37: =AV37 -> - | BD37: =IF(OR(L68=$BE$4,L68=$BE$5,L68=$BE$8,L68=$BE$9,L68=$BE$10,L68=$BE$11,L68=$BE$12,L68=$BE$13,L68=$BE$14,L68=$BE$15,L68=$BE$16,L68=$BE$17),IF(W68="Yes",1,0),"") | BE37: =IF(OR(L68=$BE$4,L68=$BE$5,L68=$BE$6,L68=$BE$7),IF(W68="Yes",1,0),"") | BF37: =IF(OR(L68=$BE$8),IF(W68="Yes",1,0),"") | BG37: =IF(OR(L68=$BE$4,L68=$BE$5,L68=$BE$6,L68=$BE$7),IF(W68="Yes",1,0),"") | BH37: =IF(OR(L68=$BE$8),IF(W68="Yes",1,0),"") | BI37: =IF(OR(L68=$BE$9,L68=$BE$10,L68=$BE$11,L68=$BE$12,L68=$BE$13,L68=$BE$14,L68=$BE$15,L68=$BE$16,L68=$BE$17),IF(W68="Yes",1,0),"")
AO38: =$J30 | AP38: =$N30*$M30 -> 0 | AQ38: =VALUE(CONCATENATE(IF($G32="Ground",0,0),IF($G32=2,$D$13,0),IF($G32=3,2*$D$13,0),IF($G32=4,3*$D$13,0))) -> 0 | AS38: {=IFERROR(INDEX(AT$26:AT$54, MATCH(0, INDEX( COUNTIF( AS$25:AS37, AT$26:AT$54)+ (COUNTIF( AT$26:AT$54, AT$26:AT$54)<>1),), 0)),"")} | AT38: Bedroom Seven | AU38: 0.015 | AV38: =C56 -> - | AW38: =IF(OR(C56=$BE$4,C56=$BE$5,C56=$BE$8,C56=$BE$9,C56=$BE$10,C56=$BE$11,C56=$BE$12,C56=$BE$13,C56=$BE$14,C56=$BE$15,C56=$BE$16,C56=$BE$17),IF(I56="Yes",1,0),"") | AX38: =IF(OR(C56=$BE$4,C56=$BE$5,C56=$BE$6,C56=$BE$7),IF(I56="Yes",1,0),"") | AY38: =IF(OR(C56=$BE$8),IF(I56="Yes",1,0),"") | AZ38: =IF(OR(C56=$BE$4,C56=$BE$5,C56=$BE$6,C56=$BE$7),IF(I56="Yes",1,0),"") | BA38: =IF(OR(C56=$BE$8),IF(I56="Yes",1,0),"") | BB38: =IF(OR(C56=$BE$9,C56=$BE$10,C56=$BE$11,C56=$BE$12,C56=$BE$13,C56=$BE$14,C56=$BE$15,C56=$BE$16,C56=$BE$17),IF(I56="Yes",1,0),"") | BC38: =AV38 -> - | BD38: =IF(OR(L70=$BE$4,L70=$BE$5,L70=$BE$8,L70=$BE$9,L70=$BE$10,L70=$BE$11,L70=$BE$12,L70=$BE$13,L70=$BE$14,L70=$BE$15,L70=$BE$16,L70=$BE$17),IF(W70="Yes",1,0),"") | BE38: =IF(OR(L70=$BE$4,L70=$BE$5,L70=$BE$6,L70=$BE$7),IF(W70="Yes",1,0),"") | BF38: =IF(OR(L70=$BE$8),IF(W70="Yes",1,0),"") | BG38: =IF(OR(L70=$BE$4,L70=$BE$5,L70=$BE$6,L70=$BE$7),IF(W70="Yes",1,0),"") | BH38: =IF(OR(L70=$BE$8),IF(W70="Yes",1,0),"") | BI38: =IF(OR(L70=$BE$9,L70=$BE$10,L70=$BE$11,L70=$BE$12,L70=$BE$13,L70=$BE$14,L70=$BE$15,L70=$BE$16,L70=$BE$17),IF(W70="Yes",1,0),"")
C39: Method One may only be used for Homestar levels 6 and 7. Use cells below to calculate whether windows in external walls are appropriately sized. | L39: Method Two may be used for all Homestar ratings, although it is required at 8-Star or higher | AO39: =$J31 | AP39: =$N31*$M31 -> 0 | AQ39: =VALUE(CONCATENATE(IF($G33="Ground",0,0),IF($G33=2,$D$13,0),IF($G33=3,2*$D$13,0),IF($G33=4,3*$D$13,0))) -> 0 | AS39: {=IFERROR(INDEX(AT$26:AT$54, MATCH(0, INDEX( COUNTIF( AS$25:AS38, AT$26:AT$54)+ (COUNTIF( AT$26:AT$54, AT$26:AT$54)<>1),), 0)),"")} | AT39: Bedroom Eight | AU39: 0.015 | AV39: =C57 -> - | AW39: =IF(OR(C57=$BE$4,C57=$BE$5,C57=$BE$8,C57=$BE$9,C57=$BE$10,C57=$BE$11,C57=$BE$12,C57=$BE$13,C57=$BE$14,C57=$BE$15,C57=$BE$16,C57=$BE$17),IF(I57="Yes",1,0),"") | AX39: =IF(OR(C57=$BE$4,C57=$BE$5,C57=$BE$6,C57=$BE$7),IF(I57="Yes",1,0),"") | AY39: =IF(OR(C57=$BE$8),IF(I57="Yes",1,0),"") | AZ39: =IF(OR(C57=$BE$4,C57=$BE$5,C57=$BE$6,C57=$BE$7),IF(I57="Yes",1,0),"") | BA39: =IF(OR(C57=$BE$8),IF(I57="Yes",1,0),"") | BB39: =IF(OR(C57=$BE$9,C57=$BE$10,C57=$BE$11,C57=$BE$12,C57=$BE$13,C57=$BE$14,C57=$BE$15,C57=$BE$16,C57=$BE$17),IF(I57="Yes",1,0),"") | BC39: =AV39 -> - | BD39: =IF(OR(L72=$BE$4,L72=$BE$5,L72=$BE$8,L72=$BE$9,L72=$BE$10,L72=$BE$11,L72=$BE$12,L72=$BE$13,L72=$BE$14,L72=$BE$15,L72=$BE$16,L72=$BE$17),IF(W72="Yes",1,0),"") | BE39: =IF(OR(L72=$BE$4,L72=$BE$5,L72=$BE$6,L72=$BE$7),IF(W72="Yes",1,0),"") | BF39: =IF(OR(L72=$BE$8),IF(W72="Yes",1,0),"") | BG39: =IF(OR(L72=$BE$4,L72=$BE$5,L72=$BE$6,L72=$BE$7),IF(W72="Yes",1,0),"") | BH39: =IF(OR(L72=$BE$8),IF(W72="Yes",1,0),"") | BI39: =IF(OR(L72=$BE$9,L72=$BE$10,L72=$BE$11,L72=$BE$12,L72=$BE$13,L72=$BE$14,L72=$BE$15,L72=$BE$16,L72=$BE$17),IF(W72="Yes",1,0),"")
AO40: =$J32 | AP40: =$N32*$M32 -> 0 | AQ40: =VALUE(CONCATENATE(IF($G34="Ground",0,0),IF($G34=2,$D$13,0),IF($G34=3,2*$D$13,0),IF($G34=4,3*$D$13,0))) -> 0 | AS40: {=IFERROR(INDEX(AT$26:AT$54, MATCH(0, INDEX( COUNTIF( AS$25:AS39, AT$26:AT$54)+ (COUNTIF( AT$26:AT$54, AT$26:AT$54)<>1),), 0)),"")} | AT40: =C20 -> Main Bedroom | AV40: =C58 -> - | AW40: =IF(OR(C58=$BE$4,C58=$BE$5,C58=$BE$8,C58=$BE$9,C58=$BE$10,C58=$BE$11,C58=$BE$12,C58=$BE$13,C58=$BE$14,C58=$BE$15,C58=$BE$16,C58=$BE$17),IF(I58="Yes",1,0),"") | AX40: =IF(OR(C58=$BE$4,C58=$BE$5,C58=$BE$6,C58=$BE$7),IF(I58="Yes",1,0),"") | AY40: =IF(OR(C58=$BE$8),IF(I58="Yes",1,0),"") | AZ40: =IF(OR(C58=$BE$4,C58=$BE$5,C58=$BE$6,C58=$BE$7),IF(I58="Yes",1,0),"") | BA40: =IF(OR(C58=$BE$8),IF(I58="Yes",1,0),"") | BB40: =IF(OR(C58=$BE$9,C58=$BE$10,C58=$BE$11,C58=$BE$12,C58=$BE$13,C58=$BE$14,C58=$BE$15,C58=$BE$16,C58=$BE$17),IF(I58="Yes",1,0),"") | BC40: =IF(K51="","",J51)
D41: Step One | E41: Step One Alternative | G41: Step Two | H41: Result | M41: Step One | O41: Step Two | Q41: Step Three | T41: Step Three Alternative | V41: Result | AO41: =$J33 | AP41: =$N33*$M33 -> 0 | AS41: {=IFERROR(INDEX(AT$26:AT$54, MATCH(0, INDEX( COUNTIF( AS$25:AS40, AT$26:AT$54)+ (COUNTIF( AT$26:AT$54, AT$26:AT$54)<>1),), 0)),"")} | AT41: =C21 -> Bedroom Two | BC41: =IF(K52="","",J52)
C42: Space Name | D42: Total Window Area | E42: Window Type from Schedule | F42: Number of Type in Room | G42: Overall Shading for Windows | H42: WFA% | I42: Comply? | L42: Space Name | M42: Distance to Obstruction (m) | N42: Obstruction Height from Ground (m) | O42: Shading Depth from Top of Window (m) | P42: Window Centre Height from Floor (m) | Q42: Window Height (m) | R42: Window Width (m) | S42: Visible Transmittance | T42: Window Type from Schedule | U42: Number of Type in Room | V42: Daylight Factor | W42: Comply? | AO42: =$J34 | AP42: =$N34*$M34 -> 0 | AS42: {=IFERROR(INDEX(AT$26:AT$54, MATCH(0, INDEX( COUNTIF( AS$25:AS41, AT$26:AT$54)+ (COUNTIF( AT$26:AT$54, AT$26:AT$54)<>1),), 0)),"")} | AT42: =C22 -> - | BC42: =IF(K53="","",J53)
AS43: {=IFERROR(INDEX(AT$26:AT$54, MATCH(0, INDEX( COUNTIF( AS$25:AS42, AT$26:AT$54)+ (COUNTIF( AT$26:AT$54, AT$26:AT$54)<>1),), 0)),"")} | AT43: =C23 -> - | BC43: =IF(K54="","",J54)
C44: =C20 -> Main Bedroom | H44: =IFERROR(IF(C44="-","",IF(E44="",D44/(E20*F20),(VLOOKUP(E44,$J$15:$N$34,5,FALSE)*F44)/(E20*F20))),"") | I44: =IF(OR(H44="-",H44=""),"",IF(OR(H44>=20%,AND(G44="Not Significantly",H44>=15%)),"Yes","No")) | AS44: {=IFERROR(INDEX(AT$26:AT$54, MATCH(0, INDEX( COUNTIF( AS$25:AS43, AT$26:AT$54)+ (COUNTIF( AT$26:AT$54, AT$26:AT$54)<>1),), 0)),"")} | AT44: =C24 -> - | BC44: =IF(K55="","",J55)
C45: =C21 -> Bedroom Two | H45: =IFERROR(IF(C45="-","",IF(E45="",D45/(E21*F21),(VLOOKUP(E45,$J$15:$N$34,5,FALSE)*F45)/(E21*F21))),"") | I45: =IF(OR(H45="-",H45=""),"",IF(OR(H45>=20%,AND(G45="Not Significantly",H45>=15%)),"Yes","No")) | L45: =C20 -> Main Bedroom | V45: =IFERROR(IF(M45="","",((AV4*BB4*(((Q45*R45*S45)+(Q46*R46*S46)+(Q47*R47*S47)+IF(T45="",0,VLOOKUP(T45,AO23:AP42,2,FALSE)*U45)+IF(T46="",0,VLOOKUP(T46,AO23:AP42,2,FALSE)*U46)+IF(T47="",0,VLOOKUP(T47,AO23:AP42,2,FALSE)*U47))/(IF(U45="",0,VLOOKUP(T45,J15:N34,5,FALSE)*U45)+IF(U46="",0,VLOOKUP(T46,J15:N34,5,FALSE)*U46)+IF(U47="",0,VLOOKUP(T47,J15:N34,5,FALSE)*U47)+Q45*R45+Q46*R46+Q47*R47)))/((AW4+AV4)*(1-(BA4^2)))/100)),"") | W45: =IF(OR(L45="-",V45=""),"",IF(V45>=VLOOKUP(L45,$AT$26:$AU$39,2,FALSE),"Yes","No")) | AS45: {=IFERROR(INDEX(AT$26:AT$54, MATCH(0, INDEX( COUNTIF( AS$25:AS44, AT$26:AT$54)+ (COUNTIF( AT$26:AT$54, AT$26:AT$54)<>1),), 0)),"")} | AT45: =C25 -> - | BC45: =IF(K56="","",J56)
C46: =C22 -> - | H46: =IFERROR(IF(C46="-","",IF(E46="",D46/(E22*F22),(VLOOKUP(E46,$J$15:$N$34,5,FALSE)*F46)/(E22*F22))),"") | I46: =IF(OR(H46="-",H46=""),"",IF(OR(H46>=20%,AND(G46="Not Significantly",H46>=15%)),"Yes","No")) | AS46: {=IFERROR(INDEX(AT$26:AT$54, MATCH(0, INDEX( COUNTIF( AS$25:AS45, AT$26:AT$54)+ (COUNTIF( AT$26:AT$54, AT$26:AT$54)<>1),), 0)),"")} | AT46: =C26 -> - | BC46: =IF(K57="","",J57)
C47: =C23 -> - | H47: =IFERROR(IF(C47="-","",IF(E47="",D47/(E23*F23),(VLOOKUP(E47,$J$15:$N$34,5,FALSE)*F47)/(E23*F23))),"") | I47: =IF(OR(H47="-",H47=""),"",IF(OR(H47>=20%,AND(G47="Not Significantly",H47>=15%)),"Yes","No")) | AS47: {=IFERROR(INDEX(AT$26:AT$54, MATCH(0, INDEX( COUNTIF( AS$25:AS46, AT$26:AT$54)+ (COUNTIF( AT$26:AT$54, AT$26:AT$54)<>1),), 0)),"")} | AT47: =C27 -> - | BC47: =IF(K58="","",J58)
C48: =C24 -> - | H48: =IFERROR(IF(C48="-","",IF(E48="",D48/(E24*F24),(VLOOKUP(E48,$J$15:$N$34,5,FALSE)*F48)/(E24*F24))),"") | I48: =IF(OR(H48="-",H48=""),"",IF(OR(H48>=20%,AND(G48="Not Significantly",H48>=15%)),"Yes","No")) | L48: =C21 -> Bedroom Two | V48: =IFERROR(IF(M48="","",((AV5*BB5*(((Q48*R48*S48)+(Q49*R49*S49)+IF(T48="",0,VLOOKUP(T48,$AO$23:$AP$42,2,FALSE)*U48)+IF(T49="",0,VLOOKUP(T49,$AO$23:$AP$42,2,FALSE)*U49))/(IF(U48="",0,VLOOKUP(T48,$J$15:$N$34,5,FALSE)*U48)+IF(U49="",0,VLOOKUP(T49,$J$15:$N$34,5,FALSE)*U49)+Q48*R48+Q49*R49)))/((AW5+AV5)*(1-(BA5^2)))/100)),"") | W48: =IF(OR(L48="-",V48=""),"",IF(V48>=VLOOKUP(L48,$AT$26:$AU$39,2,FALSE),"Yes","No")) | AS48: {=IFERROR(INDEX(AT$26:AT$54, MATCH(0, INDEX( COUNTIF( AS$25:AS47, AT$26:AT$54)+ (COUNTIF( AT$26:AT$54, AT$26:AT$54)<>1),), 0)),"")} | AT48: =C28 -> - | BC48: =IF(K59="","",J59)
C49: =C25 -> - | H49: =IFERROR(IF(C49="-","",IF(E49="",D49/(E25*F25),(VLOOKUP(E49,$J$15:$N$34,5,FALSE)*F49)/(E25*F25))),"") | I49: =IF(OR(H49="-",H49=""),"",IF(OR(H49>=20%,AND(G49="Not Significantly",H49>=15%)),"Yes","No")) | AS49: {=IFERROR(INDEX(AT$26:AT$54, MATCH(0, INDEX( COUNTIF( AS$25:AS48, AT$26:AT$54)+ (COUNTIF( AT$26:AT$54, AT$26:AT$54)<>1),), 0)),"")} | AT49: =C29 -> - | BC49: =IF(K60="","",J60)
C50: =C26 -> - | H50: =IFERROR(IF(C50="-","",IF(E50="",D50/(E26*F26),(VLOOKUP(E50,$J$15:$N$34,5,FALSE)*F50)/(E26*F26))),"") | I50: =IF(OR(H50="-",H50=""),"",IF(OR(H50>=20%,AND(G50="Not Significantly",H50>=15%)),"Yes","No")) | L50: =C22 -> - | V50: =IFERROR(IF(M50="","",((AV6*BB6*(((Q50*R50*S50)+(Q51*R51*S51)+IF(T50="",0,VLOOKUP(T50,$AO$23:$AP$42,2,FALSE)*U50)+IF(T51="",0,VLOOKUP(T51,$AO$23:$AP$42,2,FALSE)*U51))/(IF(U50="",0,VLOOKUP(T50,$J$15:$N$34,5,FALSE)*U50)+IF(U51="",0,VLOOKUP(T51,$J$15:$N$34,5,FALSE)*U51)+Q50*R50+Q51*R51)))/((AW6+AV6)*(1-(BA6^2)))/100)),"") | W50: =IF(OR(L50="-",V50=""),"",IF(V50>=VLOOKUP(L50,$AT$26:$AU$39,2,FALSE),"Yes","No")) | AS50: {=IFERROR(INDEX(AT$26:AT$54, MATCH(0, INDEX( COUNTIF( AS$25:AS49, AT$26:AT$54)+ (COUNTIF( AT$26:AT$54, AT$26:AT$54)<>1),), 0)),"")} | AT50: =C30 -> - | BC50: =IF(K61="","",J61)
C51: =C27 -> - | H51: =IFERROR(IF(C51="-","",IF(E51="",D51/(E27*F27),(VLOOKUP(E51,$J$15:$N$34,5,FALSE)*F51)/(E27*F27))),"") | I51: =IF(OR(H51="-",H51=""),"",IF(OR(H51>=20%,AND(G51="Not Significantly",H51>=15%)),"Yes","No")) | AS51: {=IFERROR(INDEX(AT$26:AT$54, MATCH(0, INDEX( COUNTIF( AS$25:AS50, AT$26:AT$54)+ (COUNTIF( AT$26:AT$54, AT$26:AT$54)<>1),), 0)),"")} | AT51: =C31 -> - | BC51: =IF(K62="","",J62)
C52: =C28 -> - | H52: =IFERROR(IF(C52="-","",IF(E52="",D52/(E28*F28),(VLOOKUP(E52,$J$15:$N$34,5,FALSE)*F52)/(E28*F28))),"") | I52: =IF(OR(H52="-",H52=""),"",IF(OR(H52>=20%,AND(G52="Not Significantly",H52>=15%)),"Yes","No")) | L52: =C23 -> - | V52: =IFERROR(IF(M52="","",((AV7*BB7*(((Q52*R52*S52)+(Q53*R53*S53)+IF(T52="",0,VLOOKUP(T52,$AO$23:$AP$42,2,FALSE)*U52)+IF(T53="",0,VLOOKUP(T53,$AO$23:$AP$42,2,FALSE)*U53))/(IF(U52="",0,VLOOKUP(T52,$J$15:$N$34,5,FALSE)*U52)+IF(U53="",0,VLOOKUP(T53,$J$15:$N$34,5,FALSE)*U53)+Q52*R52+Q53*R53)))/((AW7+AV7)*(1-(BA7^2)))/100)),"") | W52: =IF(OR(L52="-",V52=""),"",IF(V52>=VLOOKUP(L52,$AT$26:$AU$39,2,FALSE),"Yes","No")) | AS52: {=IFERROR(INDEX(AT$26:AT$54, MATCH(0, INDEX( COUNTIF( AS$25:AS51, AT$26:AT$54)+ (COUNTIF( AT$26:AT$54, AT$26:AT$54)<>1),), 0)),"")} | AT52: =C32 -> - | BC52: =IF(K63="","",J63)
C53: =C29 -> - | H53: =IFERROR(IF(C53="-","",IF(E53="",D53/(E29*F29),(VLOOKUP(E53,$J$15:$N$34,5,FALSE)*F53)/(E29*F29))),"") | I53: =IF(OR(H53="-",H53=""),"",IF(OR(H53>=20%,AND(G53="Not Significantly",H53>=15%)),"Yes","No")) | AS53: {=IFERROR(INDEX(AT$26:AT$54, MATCH(0, INDEX( COUNTIF( AS$25:AS52, AT$26:AT$54)+ (COUNTIF( AT$26:AT$54, AT$26:AT$54)<>1),), 0)),"")} | AT53: =C33 -> - | BC53: =IF(K64="","",J64)
C54: =C30 -> - | H54: =IFERROR(IF(C54="-","",IF(E54="",D54/(E30*F30),(VLOOKUP(E54,$J$15:$N$34,5,FALSE)*F54)/(E30*F30))),"") | I54: =IF(OR(H54="-",H54=""),"",IF(OR(H54>=20%,AND(G54="Not Significantly",H54>=15%)),"Yes","No")) | L54: =C24 -> - | V54: =IFERROR(IF(M54="","",((AV8*BB8*(((Q54*R54*S54)+(Q55*R55*S55)+IF(T54="",0,VLOOKUP(T54,$AO$23:$AP$42,2,FALSE)*U54)+IF(T55="",0,VLOOKUP(T55,$AO$23:$AP$42,2,FALSE)*U55))/(IF(U54="",0,VLOOKUP(T54,$J$15:$N$34,5,FALSE)*U54)+IF(U55="",0,VLOOKUP(T55,$J$15:$N$34,5,FALSE)*U55)+Q54*R54+Q55*R55)))/((AW8+AV8)*(1-(BA8^2)))/100)),"") | W54: =IF(OR(L54="-",V54=""),"",IF(V54>=VLOOKUP(L54,$AT$26:$AU$39,2,FALSE),"Yes","No")) | AS54: {=IFERROR(INDEX(AT$26:AT$54, MATCH(0, INDEX( COUNTIF( AS$25:AS53, AT$26:AT$54)+ (COUNTIF( AT$26:AT$54, AT$26:AT$54)<>1),), 0)),"")} | AT54: =C34 -> - | BC54: =IF(K65="","",J65)
C55: =C31 -> - | H55: =IFERROR(IF(C55="-","",IF(E55="",D55/(E31*F31),(VLOOKUP(E55,$J$15:$N$34,5,FALSE)*F55)/(E31*F31))),"") | I55: =IF(OR(H55="-",H55=""),"",IF(OR(H55>=20%,AND(G55="Not Significantly",H55>=15%)),"Yes","No")) | BC55: =IF(K66="","",J66)
C56: =C32 -> - | H56: =IFERROR(IF(C56="-","",IF(E56="",D56/(E32*F32),(VLOOKUP(E56,$J$15:$N$34,5,FALSE)*F56)/(E32*F32))),"") | I56: =IF(OR(H56="-",H56=""),"",IF(OR(H56>=20%,AND(G56="Not Significantly",H56>=15%)),"Yes","No")) | L56: =C25 -> - | V56: =IFERROR(IF(M56="","",((AV9*BB9*(((Q56*R56*S56)+(Q57*R57*S57)+IF(T56="",0,VLOOKUP(T56,$AO$23:$AP$42,2,FALSE)*U56)+IF(T57="",0,VLOOKUP(T57,$AO$23:$AP$42,2,FALSE)*U57))/(IF(U56="",0,VLOOKUP(T56,$J$15:$N$34,5,FALSE)*U56)+IF(U57="",0,VLOOKUP(T57,$J$15:$N$34,5,FALSE)*U57)+Q56*R56+Q57*R57)))/((AW9+AV9)*(1-(BA9^2)))/100)),"") | W56: =IF(OR(L56="-",V56=""),"",IF(V56>=VLOOKUP(L56,$AT$26:$AU$39,2,FALSE),"Yes","No")) | BC56: =IF(K67="","",J67)
C57: =C33 -> - | H57: =IFERROR(IF(C57="-","",IF(E57="",D57/(E33*F33),(VLOOKUP(E57,$J$15:$N$34,5,FALSE)*F57)/(E33*F33))),"") | I57: =IF(OR(H57="-",H57=""),"",IF(OR(H57>=20%,AND(G57="Not Significantly",H57>=15%)),"Yes","No")) | BC57: =IF(K68="","",J68)
C58: =C34 -> - | H58: =IFERROR(IF(C58="-","",IF(E58="",D58/(E34*F34),(VLOOKUP(E58,$J$15:$N$34,5,FALSE)*F58)/(E34*F34))),"") | I58: =IF(OR(H58="-",H58=""),"",IF(OR(H58>=20%,AND(G58="Not Significantly",H58>=15%)),"Yes","No")) | L58: =C26 -> - | V58: =IFERROR(IF(M58="","",((AV10*BB10*(((Q58*R58*S58)+(Q59*R59*S59)+IF(T58="",0,VLOOKUP(T58,$AO$23:$AP$42,2,FALSE)*U58)+IF(T59="",0,VLOOKUP(T59,$AO$23:$AP$42,2,FALSE)*U59))/(IF(U58="",0,VLOOKUP(T58,$J$15:$N$34,5,FALSE)*U58)+IF(U59="",0,VLOOKUP(T59,$J$15:$N$34,5,FALSE)*U59)+Q58*R58+Q59*R59)))/((AW10+AV10)*(1-(BA10^2)))/100)),"") | W58: =IF(OR(L58="-",V58=""),"",IF(V58>=VLOOKUP(L58,$AT$26:$AU$39,2,FALSE),"Yes","No")) | BC58: =IF(K69="","",J69)
BC59: =IF(K70="","",J70)
L60: =C27 -> - | V60: =IFERROR(IF(M60="","",((AV11*BB11*(((Q60*R60*S60)+(Q61*R61*S61)+IF(T60="",0,VLOOKUP(T60,$AO$23:$AP$42,2,FALSE)*U60)+IF(T61="",0,VLOOKUP(T61,$AO$23:$AP$42,2,FALSE)*U61))/(IF(U60="",0,VLOOKUP(T60,$J$15:$N$34,5,FALSE)*U60)+IF(U61="",0,VLOOKUP(T61,$J$15:$N$34,5,FALSE)*U61)+Q60*R60+Q61*R61)))/((AW11+AV11)*(1-(BA11^2)))/100)),"") | W60: =IF(OR(L60="-",V60=""),"",IF(V60>=VLOOKUP(L60,$AT$26:$AU$39,2,FALSE),"Yes","No")) | BC60: =IF(K71="","",J71)
BC61: =IF(K72="","",J72)
L62: =C28 -> - | V62: =IFERROR(IF(M62="","",((AV12*BB12*(((Q62*R62*S62)+(Q63*R63*S63)+IF(T62="",0,VLOOKUP(T62,$AO$23:$AP$42,2,FALSE)*U62)+IF(T63="",0,VLOOKUP(T63,$AO$23:$AP$42,2,FALSE)*U63))/(IF(U62="",0,VLOOKUP(T62,$J$15:$N$34,5,FALSE)*U62)+IF(U63="",0,VLOOKUP(T63,$J$15:$N$34,5,FALSE)*U63)+Q62*R62+Q63*R63)))/((AW12+AV12)*(1-(BA12^2)))/100)),"") | W62: =IF(OR(L62="-",V62=""),"",IF(V62>=VLOOKUP(L62,$AT$26:$AU$39,2,FALSE),"Yes","No")) | BC62: =IF(K73="","",J73)
BC63: =IF(K74="","",J74)
L64: =C29 -> - | V64: =IFERROR(IF(M64="","",((AV13*BB13*(((Q64*R64*S64)+(Q65*R65*S65)+IF(T64="",0,VLOOKUP(T64,$AO$23:$AP$42,2,FALSE)*U64)+IF(T65="",0,VLOOKUP(T65,$AO$23:$AP$42,2,FALSE)*U65))/(IF(U64="",0,VLOOKUP(T64,$J$15:$N$34,5,FALSE)*U64)+IF(U65="",0,VLOOKUP(T65,$J$15:$N$34,5,FALSE)*U65)+Q64*R64+Q65*R65)))/((AW13+AV13)*(1-(BA13^2)))/100)),"") | W64: =IF(OR(L64="-",V64=""),"",IF(V64>=VLOOKUP(L64,$AT$26:$AU$39,2,FALSE),"Yes","No")) | BC64: =IF(K75="","",J75)
BC65: =IF(K76="","",J76)
L66: =C30 -> - | V66: =IFERROR(IF(M66="","",((AV14*BB14*(((Q66*R66*S66)+(Q67*R67*S67)+IF(T66="",0,VLOOKUP(T66,$AO$23:$AP$42,2,FALSE)*U66)+IF(T67="",0,VLOOKUP(T67,$AO$23:$AP$42,2,FALSE)*U67))/(IF(U66="",0,VLOOKUP(T66,$J$15:$N$34,5,FALSE)*U66)+IF(U67="",0,VLOOKUP(T67,$J$15:$N$34,5,FALSE)*U67)+Q66*R66+Q67*R67)))/((AW14+AV14)*(1-(BA14^2)))/100)),"") | W66: =IF(OR(L66="-",V66=""),"",IF(V66>=VLOOKUP(L66,$AT$26:$AU$39,2,FALSE),"Yes","No")) | BC66: =IF(K77="","",J77)
BC67: =IF(K78="","",J78)
L68: =C31 -> - | V68: =IFERROR(IF(M68="","",((AV15*BB15*(((Q68*R68*S68)+(Q69*R69*S69)+IF(T68="",0,VLOOKUP(T68,$AO$23:$AP$42,2,FALSE)*U68)+IF(T69="",0,VLOOKUP(T69,$AO$23:$AP$42,2,FALSE)*U69))/(IF(U68="",0,VLOOKUP(T68,$J$15:$N$34,5,FALSE)*U68)+IF(U69="",0,VLOOKUP(T69,$J$15:$N$34,5,FALSE)*U69)+Q68*R68+Q69*R69)))/((AW15+AV15)*(1-(BA15^2)))/100)),"") | W68: =IF(OR(L68="-",V68=""),"",IF(V68>=VLOOKUP(L68,$AT$26:$AU$39,2,FALSE),"Yes","No")) | BC68: =IF(K79="","",J79)
BC69: =IF(K80="","",J80)
L70: =C32 -> - | V70: =IFERROR(IF(M70="","",((AV16*BB16*(((Q70*R70*S70)+(Q71*R71*S71)+IF(T70="",0,VLOOKUP(T70,$AO$23:$AP$42,2,FALSE)*U70)+IF(T71="",0,VLOOKUP(T71,$AO$23:$AP$42,2,FALSE)*U71))/(IF(U70="",0,VLOOKUP(T70,$J$15:$N$34,5,FALSE)*U70)+IF(U71="",0,VLOOKUP(T71,$J$15:$N$34,5,FALSE)*U71)+Q70*R70+Q71*R71)))/((AW16+AV16)*(1-(BA16^2)))/100)),"") | W70: =IF(OR(L70="-",V70=""),"",IF(V70>=VLOOKUP(L70,$AT$26:$AU$39,2,FALSE),"Yes","No")) | BC70: =IF(K81="","",J81)
BC71: =IF(K82="","",J82)
L72: =C33 -> - | V72: =IFERROR(IF(M72="","",((AV17*BB17*(((Q72*R72*S72)+(Q73*R73*S73)+IF(T72="",0,VLOOKUP(T72,$AO$23:$AP$42,2,FALSE)*U72)+IF(T73="",0,VLOOKUP(T73,$AO$23:$AP$42,2,FALSE)*U73))/(IF(U72="",0,VLOOKUP(T72,$J$15:$N$34,5,FALSE)*U72)+IF(U73="",0,VLOOKUP(T73,$J$15:$N$34,5,FALSE)*U73)+Q72*R72+Q73*R73)))/((AW17+AV17)*(1-(BA17^2)))/100)),"") | W72: =IF(OR(L72="-",V72=""),"",IF(V72>=VLOOKUP(L72,$AT$26:$AU$39,2,FALSE),"Yes","No")) | BC72: =IF(K83="","",J83)

Sheet Materials Calculator
N1: =AG4 -> Concrete | O1: =AG5 -> Structural Timber | P1: =AG6 -> Other Timber (Except structural and cladding) | Q1: =AG7 -> Interior Engineered Wood | R1: =AG8 -> Other Engineered Wood | S1: =AG9 -> Interior Wall and Ceiling Linings | T1: =AG10 -> Wall Cladding | U1: =AG11 -> Roof Cladding | V1: =AG12 -> Floor Coverings | W1: =AG13 -> Applied Coatings | X1: =AG14 -> Structural Steel | Y1: =AG15 -> Insulation | AA1: =AG16 -> Adhesives and Sealants
B2: Materials Calculator | M2: Hide Everything to Right | N2: None | O2: None | P2: None | Q2: None | R2: None | S2: None | T2: None | U2: None | V2: None | W2: None | X2: None | Y2: None | AA2: Eco label
N3: Reused | O3: FSC/PEFC | P3: FSC/PEFC | Q3: Reused | R3: Reused | S3: Dematerialisation | T3: Reused | U3: Reused | V3: Dematerialisation | W3: Dematerialisation | X3: Eco Label Level A | Y3: Reused | AA3: IAQ scheme | AC3: Means of Compliance | AD3: Points | AF3: - | AG3: -
C4: Note: - For each construction system quantify material amounts in the given unit of measurement where practicable, otherwise a different unit can be used WITH NZGBC approval, BUT all items in a construction system must use the same measurement unit. | N4: Eco Label Level A | O4: ISO14001 | P4: ISO14001 | Q4: Eco Label Level A | R4: Eco Label Level A | S4: Reused | T4: Eco Label Level A | U4: Eco Label Level A | V4: Eco Label Level A | W4: Eco Label Level A | X4: Eco Label Level B | Y4: Eco Label Level A | AA4: Data sheet/testing report | AC4: Dematerialisation | AD4: 1.5 | AF4: 1 | AG4: Concrete | AH4: Tonnes/m3
N5: Recycled Content | O5: Enviromark Gold or above | P5: Enviromark Gold or above | Q5: Eco Label Level B | R5: Eco Label Level B | S5: Eco Label Level A | T5: Eco Label Level B | U5: Eco Label Level B | V5: Eco Label Level B | W5: Eco Label Level B | X5: Eco Label Level C | Y5: Eco Label Level B | AA5: Unglazed natural material | AC5: Reused | AD5: 1.5 | AF5: 2 | AG5: Structural Timber | AH5: Lineal Meters
N6: ISO14001 | O6: CarboNZero product certification | P6: CarboNZero product certification | Q6: Eco Label Level C | R6: Eco Label Level C | S6: Eco Label Level B | T6: Eco Label Level C | U6: Eco Label Level C | V6: Eco Label Level C | W6: Eco Label Level C | X6: ISO14001 | Y6: Eco Label Level C | AA6: Not compliant | AC6: Eco Label Level A | AD6: 1.5 | AF6: 3 | AG6: Other Timber (Except structural and cladding) | AH6: Lineal Meters
N7: Enviromark Gold or above | O7: Declare | P7: Declare | Q7: FSC/PEFC | R7: FSC/PEFC | S7: Eco Label Level C | T7: FSC/PEFC | U7: FSC/PEFC | V7: SMaRT Level A | W7: ISO14001 | X7: Enviromark Gold or above | Y7: FSC/PEFC | AC7: Eco Label Level B | AD7: 1 | AF7: 4 | AG7: Interior Engineered Wood | AH7: m2
C8: Total Points EN - 3 | F8: Total Points HC - 7 | N8: CarboNZero product certification | O8: CEMARS product certification | P8: CEMARS product certification | Q8: ISO14001 | R8: ISO14001 | S8: FSC/PEFC | T8: ISO14001 | U8: ISO14001 | V8: FSC/PEFC | W8: Enviromark Gold or above | X8: CarboNZero product certification | Y8: ISO14001 | AC8: Eco Label Level C | AD8: 0.75 | AF8: 5 | AG8: Other Engineered Wood | AH8: m2
C9: Sustainable Materials | D9: =MIN(SUM(D15:D28),10) -> 0 | F9: Healthy Materials | H9: =SUM(D69:D72) -> 0 | N9: Declare | O9: End-of-Life Stewardship Programme | P9: End-of-Life Stewardship Programme | Q9: Enviromark Gold or above | R9: Enviromark Gold or above | S9: ISO14001 | T9: Enviromark Gold or above | U9: Enviromark Gold or above | V9: ISO14001 | W9: CarboNZero product certification | X9: Declare | Y9: Enviromark Gold or above | AC9: FSC/PEFC | AD9: 1.5 | AF9: 6 | AG9: Interior Wall and Ceiling Linings | AH9: m2
N10: CEMARS product certification | O10: Reused | P10: Reused | Q10: CarboNZero product certification | R10: CarboNZero product certification | S10: Enviromark Gold or above | T10: CarboNZero product certification | U10: CarboNZero product certification | V10: Enviromark Gold or above | W10: Declare | X10: CEMARS product certification | Y10: CarboNZero product certification | AC10: ISO14001 | AD10: 0.75 | AG10: Wall Cladding | AH10: m2
N11: End-of-Life Stewardship Programme | O11: Product specific EPD | P11: Product specific EPD | Q11: Declare | R11: Declare | S11: CarboNZero product certification | T11: Declare | U11: Declare | V11: Recycled Content | W11: CEMARS product certification | X11: Recycled Content | Y11: Declare | AC11: Enviromark Gold or above | AD11: 0.25 | AF11: 8 | AG11: Roof Cladding | AH11: m2
C12: Summary of EN - 3 Sustainable Materials Points | N12: Product specific EPD | O12: Industry wide EPD | P12: Industry wide EPD | Q12: CEMARS product certification | R12: CEMARS product certification | S12: Declare | T12: CEMARS product certification | U12: CEMARS product certification | V12: CarboNZero product certification | W12: End-of-Life Stewardship Programme | X12: End-of-Life Stewardship Programme | Y12: CEMARS product certification | AC12: CarboNZero product certification | AD12: 0.75 | AF12: 9 | AG12: Floor Coverings | AH12: m2
N13: Industry wide EPD | Q13: End-of-Life Stewardship Programme | R13: End-of-Life Stewardship Programme | S13: CEMARS product certification | T13: End-of-Life Stewardship Programme | U13: End-of-Life Stewardship Programme | V13: Reused | W13: Product specific EPD | X13: Reused | Y13: End-of-Life Stewardship Programme | AC13: Declare | AD13: 0.25 | AF13: 10 | AG13: Applied Coatings | AH13: m2 or L
C14: Product Category | D14: Final Points | E14: % Compliant | G14: Note that for recycled content, the final points awarded | Q14: Recycled Content | R14: Recycled Content | S14: End-of-Life Stewardship Programme | T14: Recycled Content | U14: Recycled Content | V14: Product specific EPD | W14: Industry wide EPD | X14: Product specific EPD | Y14: Product specific EPD | AC14: Recycled Content | AD14: 1.5 | AF14: 11 | AG14: Structural Steel | AH14: Lineal Meters
C15: {=IFERROR(INDEX($C$35:$C$64, MATCH(0,COUNTIF($C$14:C14,$C$35:$C$64), 0)),"")} -> Concrete | D15: =IF(OR(C15="-",C15=""),"",FLOOR(HLOOKUP(C15,$AT$25:$BF$26,2,FALSE),0.25)) -> 0 | E15: =IFERROR(IF(OR(C15="",C15="-"),"",SUMIFS($F$35:$F$64,$C$35:$C$64,C15,$J$35:$J$64,">0")/SUMIFS($F$35:$F$64,$C$35:$C$64,C15)),0) -> 0 | G15: are rounded to the highest 0.5 point benchmark met. | Q15: Product specific EPD | R15: Product specific EPD | S15: Product specific EPD | T15: Product specific EPD | U15: Product specific EPD | V15: Industry wide EPD | X15: Industry wide EPD | Y15: Industry wide EPD | AC15: None | AD15: 0 | AF15: 12 | AG15: Insulation | AH15: m2
C16: {=IFERROR(INDEX($C$35:$C$64, MATCH(0,COUNTIF($C$14:C15,$C$35:$C$64), 0)),"")} -> - | D16: =IF(OR(C16="-",C16=""),"",FLOOR(HLOOKUP(C16,$AT$25:$BF$26,2,FALSE),0.25)) | E16: =IFERROR(IF(OR(C16="",C16="-"),"",SUMIFS($F$35:$F$64,$C$35:$C$64,C16,$J$35:$J$64,">0")/SUMIFS($F$35:$F$64,$C$35:$C$64,C16)),0) | G16: Points awarded are thus 0, 0.5, 1, 1.5, or 2 | Q16: Industry wide EPD | R16: Industry wide EPD | S16: Industry wide EPD | T16: Industry wide EPD | U16: Industry wide EPD | Y16: Recycled Content | AC16: CEMARS product certification | AD16: 0.25 | AF16: 13 | AG16: Adhesives and Sealants | AH16: L or g
C17: {=IFERROR(INDEX($C$35:$C$64, MATCH(0,COUNTIF($C$14:C16,$C$35:$C$64), 0)),"")} | D17: =IF(OR(C17="-",C17=""),"",FLOOR(HLOOKUP(C17,$AT$25:$BF$26,2,FALSE),0.25)) | E17: =IFERROR(IF(OR(C17="",C17="-"),"",SUMIFS($F$35:$F$64,$C$35:$C$64,C17,$J$35:$J$64,">0")/SUMIFS($F$35:$F$64,$C$35:$C$64,C17)),0) | AC17: End-of-Life Stewardship Programme | AD17: 0.75 | AF17: 14
C18: {=IFERROR(INDEX($C$35:$C$64, MATCH(0,COUNTIF($C$14:C17,$C$35:$C$64), 0)),"")} | D18: =IF(OR(C18="-",C18=""),"",FLOOR(HLOOKUP(C18,$AT$25:$BF$26,2,FALSE),0.25)) | E18: =IFERROR(IF(OR(C18="",C18="-"),"",SUMIFS($F$35:$F$64,$C$35:$C$64,C18,$J$35:$J$64,">0")/SUMIFS($F$35:$F$64,$C$35:$C$64,C18)),0) | AC18: Product specific EPD | AD18: 1.25
C19: {=IFERROR(INDEX($C$35:$C$64, MATCH(0,COUNTIF($C$14:C18,$C$35:$C$64), 0)),"")} | D19: =IF(OR(C19="-",C19=""),"",FLOOR(HLOOKUP(C19,$AT$25:$BF$26,2,FALSE),0.25)) | E19: =IFERROR(IF(OR(C19="",C19="-"),"",SUMIFS($F$35:$F$64,$C$35:$C$64,C19,$J$35:$J$64,">0")/SUMIFS($F$35:$F$64,$C$35:$C$64,C19)),0) | N19: 1 | O19: 2 | P19: 3 | Q19: 4 | R19: 5 | S19: 6 | T19: 8 | U19: 9 | V19: 10 | W19: 11 | X19: 12 | Y19: 13 | AC19: Industry wide EPD | AD19: 0.75 | AF19: - | AG19: -
C20: {=IFERROR(INDEX($C$35:$C$64, MATCH(0,COUNTIF($C$14:C19,$C$35:$C$64), 0)),"")} | D20: =IF(OR(C20="-",C20=""),"",FLOOR(HLOOKUP(C20,$AT$25:$BF$26,2,FALSE),0.25)) | E20: =IFERROR(IF(OR(C20="",C20="-"),"",SUMIFS($F$35:$F$64,$C$35:$C$64,C20,$J$35:$J$64,">0")/SUMIFS($F$35:$F$64,$C$35:$C$64,C20)),0) | AF20: 4 | AG20: Interior Engineered Wood | AH20: m2
C21: {=IFERROR(INDEX($C$35:$C$64, MATCH(0,COUNTIF($C$14:C20,$C$35:$C$64), 0)),"")} | D21: =IF(OR(C21="-",C21=""),"",FLOOR(HLOOKUP(C21,$AT$25:$BF$26,2,FALSE),0.25)) | E21: =IFERROR(IF(OR(C21="",C21="-"),"",SUMIFS($F$35:$F$64,$C$35:$C$64,C21,$J$35:$J$64,">0")/SUMIFS($F$35:$F$64,$C$35:$C$64,C21)),0) | AF21: 10 | AG21: Floor Coverings | AH21: m2
C22: {=IFERROR(INDEX($C$35:$C$64, MATCH(0,COUNTIF($C$14:C21,$C$35:$C$64), 0)),"")} | D22: =IF(OR(C22="-",C22=""),"",FLOOR(HLOOKUP(C22,$AT$25:$BF$26,2,FALSE),0.25)) | E22: =IFERROR(IF(OR(C22="",C22="-"),"",SUMIFS($F$35:$F$64,$C$35:$C$64,C22,$J$35:$J$64,">0")/SUMIFS($F$35:$F$64,$C$35:$C$64,C22)),0) | AF22: 11 | AG22: Applied Coatings | AH22: m2 or L
C23: {=IFERROR(INDEX($C$35:$C$64, MATCH(0,COUNTIF($C$14:C22,$C$35:$C$64), 0)),"")} | D23: =IF(OR(C23="-",C23=""),"",FLOOR(HLOOKUP(C23,$AT$25:$BF$26,2,FALSE),0.25)) | E23: =IFERROR(IF(OR(C23="",C23="-"),"",SUMIFS($F$35:$F$64,$C$35:$C$64,C23,$J$35:$J$64,">0")/SUMIFS($F$35:$F$64,$C$35:$C$64,C23)),0) | AF23: 14 | AG23: Adhesives and Sealants | AH23: L or g
C24: {=IFERROR(INDEX($C$35:$C$64, MATCH(0,COUNTIF($C$14:C23,$C$35:$C$64), 0)),"")} | D24: =IF(OR(C24="-",C24=""),"",FLOOR(HLOOKUP(C24,$AT$25:$BF$26,2,FALSE),0.25)) | E24: =IFERROR(IF(OR(C24="",C24="-"),"",SUMIFS($F$35:$F$64,$C$35:$C$64,C24,$J$35:$J$64,">0")/SUMIFS($F$35:$F$64,$C$35:$C$64,C24)),0) | Q24: Total | AE24: Points
C25: {=IFERROR(INDEX($C$35:$C$64, MATCH(0,COUNTIF($C$14:C24,$C$35:$C$64), 0)),"")} | D25: =IF(OR(C25="-",C25=""),"",FLOOR(HLOOKUP(C25,$AT$25:$BF$26,2,FALSE),0.25)) | E25: =IFERROR(IF(OR(C25="",C25="-"),"",SUMIFS($F$35:$F$64,$C$35:$C$64,C25,$J$35:$J$64,">0")/SUMIFS($F$35:$F$64,$C$35:$C$64,C25)),0) | Q25: =SUM(Q27:Q56) -> 0 | R25: =SUM(R27:R56) -> 0 | S25: =SUM(S27:S56) -> 0 | T25: =SUM(T27:T56) -> 0 | U25: =SUM(U27:U56) -> 0 | V25: =SUM(V27:V56) -> 0 | W25: =SUM(W27:W56) -> 0 | X25: =SUM(X27:X56) -> 0 | ... AC25: =SUM(AC27:AC56) -> 0 | AE25: =SUM(AE27:AE56) -> 0 | AF25: =SUM(AF27:AF56) -> 0 | AG25: =SUM(AG27:AG56) -> 0 | AH25: =SUM(AH27:AH56) -> 0 | AI25: =SUM(AI27:AI56) -> 0 | AJ25: =SUM(AJ27:AJ56) -> 0 | AK25: =SUM(AK27:AK56) -> 0 | AL25: =SUM(AL27:AL56) -> 0 | ... AQ25: =SUM(AQ27:AQ56) -> 0 | AT25: =AE26 -> Concrete | AU25: =AF26 -> Structural Timber | AV25: =AG26 -> Other Timber (Except structural and cladding) | AW25: =AH26 -> Interior Engineered Wood | AX25: =AI26 -> Other Engineered Wood | AY25: =AJ26 -> Interior Wall and Ceiling Linings | AZ25: =AK26 -> Wall Cladding | BA25: =AL26 -> Roof Cladding | ... BF25: =AQ26 -> Adhesives and Sealants
C26: {=IFERROR(INDEX($C$35:$C$64, MATCH(0,COUNTIF($C$14:C25,$C$35:$C$64), 0)),"")} | D26: =IF(OR(C26="-",C26=""),"",FLOOR(HLOOKUP(C26,$AT$25:$BF$26,2,FALSE),0.25)) | E26: =IFERROR(IF(OR(C26="",C26="-"),"",SUMIFS($F$35:$F$64,$C$35:$C$64,C26,$J$35:$J$64,">0")/SUMIFS($F$35:$F$64,$C$35:$C$64,C26)),0) | Q26: =AG4 -> Concrete | R26: =AG5 -> Structural Timber | S26: =AG6 -> Other Timber (Except structural and cladding) | T26: =AG7 -> Interior Engineered Wood | U26: =AG8 -> Other Engineered Wood | V26: =AG9 -> Interior Wall and Ceiling Linings | W26: =AG10 -> Wall Cladding | X26: =AG11 -> Roof Cladding | Y26: =AG12 -> Floor Coverings | Z26: =AG13 -> Applied Coatings | AA26: =AG14 -> Structural Steel | AB26: =AG15 -> Insulation | AC26: =AG16 -> Adhesives and Sealants | AE26: =Q26 -> Concrete | AF26: =R26 -> Structural Timber | AG26: =S26 -> Other Timber (Except structural and cladding) | AH26: =T26 -> Interior Engineered Wood | AI26: =U26 -> Other Engineered Wood | AJ26: =V26 -> Interior Wall and Ceiling Linings | AK26: =W26 -> Wall Cladding | AL26: =X26 -> Roof Cladding | ... AQ26: =AC26 -> Adhesives and Sealants | AT26: =IF(AT27>=0.5,1.5,IF(AT28>=0.5,1.25,IF(AT29>=0.5,1,IF(AT30>=0.5,0.75,IF(AT31>=0.5,0.5,IF(AT32>=0.5,0.25,0)))))) -> 0 | AU26: =IF(AU27>=0.5,1.5,IF(AU28>=0.5,1.25,IF(AU29>=0.5,1,IF(AU30>=0.5,0.75,IF(AU31>=0.5,0.5,IF(AU32>=0.5,0.25,0)))))) -> 0 | AV26: =IF(AV27>=0.5,1.5,IF(AV28>=0.5,1.25,IF(AV29>=0.5,1,IF(AV30>=0.5,0.75,IF(AV31>=0.5,0.5,IF(AV32>=0.5,0.25,0)))))) -> 0 | AW26: =IF(AW27>=0.5,1.5,IF(AW28>=0.5,1.25,IF(AW29>=0.5,1,IF(AW30>=0.5,0.75,IF(AW31>=0.5,0.5,IF(AW32>=0.5,0.25,0)))))) -> 0 | AX26: =IF(AX27>=0.5,1.5,IF(AX28>=0.5,1.25,IF(AX29>=0.5,1,IF(AX30>=0.5,0.75,IF(AX31>=0.5,0.5,IF(AX32>=0.5,0.25,0)))))) -> 0 | AY26: =IF(AY27>=0.5,1.5,IF(AY28>=0.5,1.25,IF(AY29>=0.5,1,IF(AY30>=0.5,0.75,IF(AY31>=0.5,0.5,IF(AY32>=0.5,0.25,0)))))) -> 0 | AZ26: =IF(AZ27>=0.5,1.5,IF(AZ28>=0.5,1.25,IF(AZ29>=0.5,1,IF(AZ30>=0.5,0.75,IF(AZ31>=0.5,0.5,IF(AZ32>=0.5,0.25,0)))))) -> 0 | BA26: =IF(BA27>=0.5,1.5,IF(BA28>=0.5,1.25,IF(BA29>=0.5,1,IF(BA30>=0.5,0.75,IF(BA31>=0.5,0.5,IF(BA32>=0.5,0.25,0)))))) -> 0 | ... BF26: =IF(BF27>=0.5,1.5,IF(BF28>=0.5,1.25,IF(BF29>=0.5,1,IF(BF30>=0.5,0.75,IF(BF31>=0.5,0.5,IF(BF32>=0.5,0.25,0)))))) -> 0
C27: {=IFERROR(INDEX($C$35:$C$64, MATCH(0,COUNTIF($C$14:C26,$C$35:$C$64), 0)),"")} | D27: =IF(OR(C27="-",C27=""),"",FLOOR(HLOOKUP(C27,$AT$25:$BF$26,2,FALSE),0.25)) | E27: =IFERROR(IF(OR(C27="",C27="-"),"",SUMIFS($F$35:$F$64,$C$35:$C$64,C27,$J$35:$J$64,">0")/SUMIFS($F$35:$F$64,$C$35:$C$64,C27)),0) | P27: 1 | Q27: =IF($C35=Q$26,$F35,"") -> 0 | R27: =IF($C35=R$26,$F35,"") | S27: =IF($C35=S$26,$F35,"") | T27: =IF($C35=T$26,$F35,"") | U27: =IF($C35=U$26,$F35,"") | V27: =IF($C35=V$26,$F35,"") | W27: =IF($C35=W$26,$F35,"") | X27: =IF($C35=X$26,$F35,"") | ... AC27: =IF($C35=AC$26,$F35,"") | AE27: =IF($C35=AE$26,$J35,"") -> 0 | AF27: =IF($C35=AF$26,$J35,"") | AG27: =IF($C35=AG$26,$J35,"") | AH27: =IF($C35=AH$26,$J35,"") | AI27: =IF($C35=AI$26,$J35,"") | AJ27: =IF($C35=AJ$26,$J35,"") | AK27: =IF($C35=AK$26,$J35,"") | AL27: =IF($C35=AL$26,$J35,"") | ... AQ27: =IF($C35=AQ$26,$J35,"") | AS27: 1.5 | AT27: =IFERROR(SUMIFS(Q$27:Q$56,AE$27:AE$56,">=1.5")/SUM(Q$27:Q$56),0) -> 0 | AU27: =IFERROR(SUMIFS(R$27:R$56,AF$27:AF$56,">=1.5")/SUM(R$27:R$56),0) -> 0 | AV27: =IFERROR(SUMIFS(S$27:S$56,AG$27:AG$56,">=1.5")/SUM(S$27:S$56),0) -> 0 | AW27: =IFERROR(SUMIFS(T$27:T$56,AH$27:AH$56,">=1.5")/SUM(T$27:T$56),0) -> 0 | AX27: =IFERROR(SUMIFS(U$27:U$56,AI$27:AI$56,">=1.5")/SUM(U$27:U$56),0) -> 0 | AY27: =IFERROR(SUMIFS(V$27:V$56,AJ$27:AJ$56,">=1.5")/SUM(V$27:V$56),0) -> 0 | AZ27: =IFERROR(SUMIFS(W$27:W$56,AK$27:AK$56,">=1.5")/SUM(W$27:W$56),0) -> 0 | BA27: =IFERROR(SUMIFS(X$27:X$56,AL$27:AL$56,">=1.5")/SUM(X$27:X$56),0) -> 0 | ... BF27: =IFERROR(SUMIFS(AC$27:AC$56,AQ$27:AQ$56,">=1.5")/SUM(AC$27:AC$56),0) -> 0
C28: {=IFERROR(INDEX($C$35:$C$64, MATCH(0,COUNTIF($C$14:C27,$C$35:$C$64), 0)),"")} | D28: =IF(OR(C28="-",C28=""),"",FLOOR(HLOOKUP(C28,$AT$25:$BF$26,2,FALSE),0.25)) | E28: =IFERROR(IF(OR(C28="",C28="-"),"",SUMIFS($F$35:$F$64,$C$35:$C$64,C28,$J$35:$J$64,">0")/SUMIFS($F$35:$F$64,$C$35:$C$64,C28)),0) | P28: 2 | Q28: =IF($C36=Q$26,$F36,"") | R28: =IF($C36=R$26,$F36,"") | S28: =IF($C36=S$26,$F36,"") | T28: =IF($C36=T$26,$F36,"") | U28: =IF($C36=U$26,$F36,"") | V28: =IF($C36=V$26,$F36,"") | W28: =IF($C36=W$26,$F36,"") | X28: =IF($C36=X$26,$F36,"") | ... AC28: =IF($C36=AC$26,$F36,"") | AE28: =IF($C36=AE$26,$J36,"") | AF28: =IF($C36=AF$26,$J36,"") | AG28: =IF($C36=AG$26,$J36,"") | AH28: =IF($C36=AH$26,$J36,"") | AI28: =IF($C36=AI$26,$J36,"") | AJ28: =IF($C36=AJ$26,$J36,"") | AK28: =IF($C36=AK$26,$J36,"") | AL28: =IF($C36=AL$26,$J36,"") | ... AQ28: =IF($C36=AQ$26,$J36,"") | AS28: 1.25 | AT28: =IFERROR(SUMIFS(Q$27:Q$56,AE$27:AE$56,">=1.25")/SUM(Q$27:Q$56),0) -> 0 | AU28: =IFERROR(SUMIFS(R$27:R$56,AF$27:AF$56,">=1.25")/SUM(R$27:R$56),0) -> 0 | AV28: =IFERROR(SUMIFS(S$27:S$56,AG$27:AG$56,">=1.25")/SUM(S$27:S$56),0) -> 0 | AW28: =IFERROR(SUMIFS(T$27:T$56,AH$27:AH$56,">=1.25")/SUM(T$27:T$56),0) -> 0 | AX28: =IFERROR(SUMIFS(U$27:U$56,AI$27:AI$56,">=1.25")/SUM(U$27:U$56),0) -> 0 | AY28: =IFERROR(SUMIFS(V$27:V$56,AJ$27:AJ$56,">=1.25")/SUM(V$27:V$56),0) -> 0 | AZ28: =IFERROR(SUMIFS(W$27:W$56,AK$27:AK$56,">=1.25")/SUM(W$27:W$56),0) -> 0 | BA28: =IFERROR(SUMIFS(X$27:X$56,AL$27:AL$56,">=1.25")/SUM(X$27:X$56),0) -> 0 | ... BF28: =IFERROR(SUMIFS(AC$27:AC$56,AQ$27:AQ$56,">=1.25")/SUM(AC$27:AC$56),0) -> 0
P29: 3 | Q29: =IF($C37=Q$26,$F37,"") | R29: =IF($C37=R$26,$F37,"") | S29: =IF($C37=S$26,$F37,"") | T29: =IF($C37=T$26,$F37,"") | U29: =IF($C37=U$26,$F37,"") | V29: =IF($C37=V$26,$F37,"") | W29: =IF($C37=W$26,$F37,"") | X29: =IF($C37=X$26,$F37,"") | ... AC29: =IF($C37=AC$26,$F37,"") | AE29: =IF($C37=AE$26,$J37,"") | AF29: =IF($C37=AF$26,$J37,"") | AG29: =IF($C37=AG$26,$J37,"") | AH29: =IF($C37=AH$26,$J37,"") | AI29: =IF($C37=AI$26,$J37,"") | AJ29: =IF($C37=AJ$26,$J37,"") | AK29: =IF($C37=AK$26,$J37,"") | AL29: =IF($C37=AL$26,$J37,"") | ... AQ29: =IF($C37=AQ$26,$J37,"") | AS29: 1 | AT29: =IFERROR(SUMIFS(Q$27:Q$56,AE$27:AE$56,">=1")/SUM(Q$27:Q$56),0) -> 0 | AU29: =IFERROR(SUMIFS(R$27:R$56,AF$27:AF$56,">=1")/SUM(R$27:R$56),0) -> 0 | AV29: =IFERROR(SUMIFS(S$27:S$56,AG$27:AG$56,">=1")/SUM(S$27:S$56),0) -> 0 | AW29: =IFERROR(SUMIFS(T$27:T$56,AH$27:AH$56,">=1")/SUM(T$27:T$56),0) -> 0 | AX29: =IFERROR(SUMIFS(U$27:U$56,AI$27:AI$56,">=1")/SUM(U$27:U$56),0) -> 0 | AY29: =IFERROR(SUMIFS(V$27:V$56,AJ$27:AJ$56,">=1")/SUM(V$27:V$56),0) -> 0 | AZ29: =IFERROR(SUMIFS(W$27:W$56,AK$27:AK$56,">=1")/SUM(W$27:W$56),0) -> 0 | BA29: =IFERROR(SUMIFS(X$27:X$56,AL$27:AL$56,">=1")/SUM(X$27:X$56),0) -> 0 | ... BF29: =IFERROR(SUMIFS(AC$27:AC$56,AQ$27:AQ$56,">=1")/SUM(AC$27:AC$56),0) -> 0
C30: EN - 3 Sustainable Material Inputs | P30: 4 | Q30: =IF($C38=Q$26,$F38,"") | R30: =IF($C38=R$26,$F38,"") | S30: =IF($C38=S$26,$F38,"") | T30: =IF($C38=T$26,$F38,"") | U30: =IF($C38=U$26,$F38,"") | V30: =IF($C38=V$26,$F38,"") | W30: =IF($C38=W$26,$F38,"") | X30: =IF($C38=X$26,$F38,"") | ... AC30: =IF($C38=AC$26,$F38,"") | AE30: =IF($C38=AE$26,$J38,"") | AF30: =IF($C38=AF$26,$J38,"") | AG30: =IF($C38=AG$26,$J38,"") | AH30: =IF($C38=AH$26,$J38,"") | AI30: =IF($C38=AI$26,$J38,"") | AJ30: =IF($C38=AJ$26,$J38,"") | AK30: =IF($C38=AK$26,$J38,"") | AL30: =IF($C38=AL$26,$J38,"") | ... AQ30: =IF($C38=AQ$26,$J38,"") | AS30: 0.75 | AT30: =IFERROR(SUMIFS(Q$27:Q$56,AE$27:AE$56,">=.5")/SUM(Q$27:Q$56),0) -> 0 | AU30: =IFERROR(SUMIFS(R$27:R$56,AF$27:AF$56,">=.5")/SUM(R$27:R$56),0) -> 0 | AV30: =IFERROR(SUMIFS(S$27:S$56,AG$27:AG$56,">=.5")/SUM(S$27:S$56),0) -> 0 | AW30: =IFERROR(SUMIFS(T$27:T$56,AH$27:AH$56,">=.5")/SUM(T$27:T$56),0) -> 0 | AX30: =IFERROR(SUMIFS(U$27:U$56,AI$27:AI$56,">=.5")/SUM(U$27:U$56),0) -> 0 | AY30: =IFERROR(SUMIFS(V$27:V$56,AJ$27:AJ$56,">=.5")/SUM(V$27:V$56),0) -> 0 | AZ30: =IFERROR(SUMIFS(W$27:W$56,AK$27:AK$56,">=.5")/SUM(W$27:W$56),0) -> 0 | BA30: =IFERROR(SUMIFS(X$27:X$56,AL$27:AL$56,">=.5")/SUM(X$27:X$56),0) -> 0 | ... BF30: =IFERROR(SUMIFS(AC$27:AC$56,AQ$27:AQ$56,">=.5")/SUM(AC$27:AC$56),0) -> 0
P31: 5 | Q31: =IF($C39=Q$26,$F39,"") | R31: =IF($C39=R$26,$F39,"") | S31: =IF($C39=S$26,$F39,"") | T31: =IF($C39=T$26,$F39,"") | U31: =IF($C39=U$26,$F39,"") | V31: =IF($C39=V$26,$F39,"") | W31: =IF($C39=W$26,$F39,"") | X31: =IF($C39=X$26,$F39,"") | ... AC31: =IF($C39=AC$26,$F39,"") | AE31: =IF($C39=AE$26,$J39,"") | AF31: =IF($C39=AF$26,$J39,"") | AG31: =IF($C39=AG$26,$J39,"") | AH31: =IF($C39=AH$26,$J39,"") | AI31: =IF($C39=AI$26,$J39,"") | AJ31: =IF($C39=AJ$26,$J39,"") | AK31: =IF($C39=AK$26,$J39,"") | AL31: =IF($C39=AL$26,$J39,"") | ... AQ31: =IF($C39=AQ$26,$J39,"") | AS31: 0.5 | AT31: =IFERROR(SUMIFS(Q$27:Q$56,AE$27:AE$56,">=.5")/SUM(Q$27:Q$56),0) -> 0 | AU31: =IFERROR(SUMIFS(R$27:R$56,AF$27:AF$56,">=.5")/SUM(R$27:R$56),0) -> 0 | AV31: =IFERROR(SUMIFS(S$27:S$56,AG$27:AG$56,">=.5")/SUM(S$27:S$56),0) -> 0 | AW31: =IFERROR(SUMIFS(T$27:T$56,AH$27:AH$56,">=.5")/SUM(T$27:T$56),0) -> 0 | AX31: =IFERROR(SUMIFS(U$27:U$56,AI$27:AI$56,">=.5")/SUM(U$27:U$56),0) -> 0 | AY31: =IFERROR(SUMIFS(V$27:V$56,AJ$27:AJ$56,">=.5")/SUM(V$27:V$56),0) -> 0 | AZ31: =IFERROR(SUMIFS(W$27:W$56,AK$27:AK$56,">=.5")/SUM(W$27:W$56),0) -> 0 | BA31: =IFERROR(SUMIFS(X$27:X$56,AL$27:AL$56,">=.5")/SUM(X$27:X$56),0) -> 0 | ... BF31: =IFERROR(SUMIFS(AC$27:AC$56,AQ$27:AQ$56,">=.5")/SUM(AC$27:AC$56),0) -> 0
C32: Select '-' and determine product type to insert a new row. Fill in Product Name and Company. Determine quantity used in the units provided. Select means of compliance. If recycled, input percentage. Points are automatically calculated. Max 30 rows, contact NZGBC if more are required. | P32: 6 | Q32: =IF($C40=Q$26,$F40,"") | R32: =IF($C40=R$26,$F40,"") | S32: =IF($C40=S$26,$F40,"") | T32: =IF($C40=T$26,$F40,"") | U32: =IF($C40=U$26,$F40,"") | V32: =IF($C40=V$26,$F40,"") | W32: =IF($C40=W$26,$F40,"") | X32: =IF($C40=X$26,$F40,"") | ... AC32: =IF($C40=AC$26,$F40,"") | AE32: =IF($C40=AE$26,$J40,"") | AF32: =IF($C40=AF$26,$J40,"") | AG32: =IF($C40=AG$26,$J40,"") | AH32: =IF($C40=AH$26,$J40,"") | AI32: =IF($C40=AI$26,$J40,"") | AJ32: =IF($C40=AJ$26,$J40,"") | AK32: =IF($C40=AK$26,$J40,"") | AL32: =IF($C40=AL$26,$J40,"") | ... AQ32: =IF($C40=AQ$26,$J40,"") | AS32: 0.25 | AT32: =IFERROR(SUMIFS(Q$27:Q$56,AE$27:AE$56,">=.25")/SUM(Q$27:Q$56),0) -> 0 | AU32: =IFERROR(SUMIFS(R$27:R$56,AF$27:AF$56,">=.25")/SUM(R$27:R$56),0) -> 0 | AV32: =IFERROR(SUMIFS(S$27:S$56,AG$27:AG$56,">=.25")/SUM(S$27:S$56),0) -> 0 | AW32: =IFERROR(SUMIFS(T$27:T$56,AH$27:AH$56,">=.25")/SUM(T$27:T$56),0) -> 0 | AX32: =IFERROR(SUMIFS(U$27:U$56,AI$27:AI$56,">=.25")/SUM(U$27:U$56),0) -> 0 | AY32: =IFERROR(SUMIFS(V$27:V$56,AJ$27:AJ$56,">=.25")/SUM(V$27:V$56),0) -> 0 | AZ32: =IFERROR(SUMIFS(W$27:W$56,AK$27:AK$56,">=.25")/SUM(W$27:W$56),0) -> 0 | BA32: =IFERROR(SUMIFS(X$27:X$56,AL$27:AL$56,">=.25")/SUM(X$27:X$56),0) -> 0 | ... BF32: =IFERROR(SUMIFS(AC$27:AC$56,AQ$27:AQ$56,">=.25")/SUM(AC$27:AC$56),0) -> 0
P33: 7 | Q33: =IF($C41=Q$26,$F41,"") | R33: =IF($C41=R$26,$F41,"") | S33: =IF($C41=S$26,$F41,"") | T33: =IF($C41=T$26,$F41,"") | U33: =IF($C41=U$26,$F41,"") | V33: =IF($C41=V$26,$F41,"") | W33: =IF($C41=W$26,$F41,"") | X33: =IF($C41=X$26,$F41,"") | ... AC33: =IF($C41=AC$26,$F41,"") | AE33: =IF($C41=AE$26,$J41,"") | AF33: =IF($C41=AF$26,$J41,"") | AG33: =IF($C41=AG$26,$J41,"") | AH33: =IF($C41=AH$26,$J41,"") | AI33: =IF($C41=AI$26,$J41,"") | AJ33: =IF($C41=AJ$26,$J41,"") | AK33: =IF($C41=AK$26,$J41,"") | AL33: =IF($C41=AL$26,$J41,"") | ... AQ33: =IF($C41=AQ$26,$J41,"")
C34: Product Category | D34: Product Name | E34: Company | F34: Quantity | H34: Means of Compliance | I34: Recycled % | J34: Raw Points | P34: 8 | Q34: =IF($C42=Q$26,$F42,"") | R34: =IF($C42=R$26,$F42,"") | S34: =IF($C42=S$26,$F42,"") | T34: =IF($C42=T$26,$F42,"") | U34: =IF($C42=U$26,$F42,"") | V34: =IF($C42=V$26,$F42,"") | W34: =IF($C42=W$26,$F42,"") | X34: =IF($C42=X$26,$F42,"") | ... AC34: =IF($C42=AC$26,$F42,"") | AE34: =IF($C42=AE$26,$J42,"") | AF34: =IF($C42=AF$26,$J42,"") | AG34: =IF($C42=AG$26,$J42,"") | AH34: =IF($C42=AH$26,$J42,"") | AI34: =IF($C42=AI$26,$J42,"") | AJ34: =IF($C42=AJ$26,$J42,"") | AK34: =IF($C42=AK$26,$J42,"") | AL34: =IF($C42=AL$26,$J42,"") | ... AQ34: =IF($C42=AQ$26,$J42,"")
B35: 1 | C35: Concrete | G35: =IF(OR(C35="-",C35=""),"",VLOOKUP(C35,$AG$3:$AH$16,2,FALSE)) -> Tonnes/m3 | J35: =IF(C35="-","",IF(H35="",0,VLOOKUP(H35,$AC$4:$AD$19,2,FALSE))*IF(H35="Recycled Content",I35,1)) -> 0 | P35: 9 | Q35: =IF($C43=Q$26,$F43,"") | R35: =IF($C43=R$26,$F43,"") | S35: =IF($C43=S$26,$F43,"") | T35: =IF($C43=T$26,$F43,"") | U35: =IF($C43=U$26,$F43,"") | V35: =IF($C43=V$26,$F43,"") | W35: =IF($C43=W$26,$F43,"") | X35: =IF($C43=X$26,$F43,"") | ... AC35: =IF($C43=AC$26,$F43,"") | AE35: =IF($C43=AE$26,$J43,"") | AF35: =IF($C43=AF$26,$J43,"") | AG35: =IF($C43=AG$26,$J43,"") | AH35: =IF($C43=AH$26,$J43,"") | AI35: =IF($C43=AI$26,$J43,"") | AJ35: =IF($C43=AJ$26,$J43,"") | AK35: =IF($C43=AK$26,$J43,"") | AL35: =IF($C43=AL$26,$J43,"") | ... AQ35: =IF($C43=AQ$26,$J43,"")
B36: 2 | C36: - | G36: =IF(OR(C36="-",C36=""),"",VLOOKUP(C36,$AG$3:$AH$16,2,FALSE)) | J36: =IF(C36="-","",IF(H36="",0,VLOOKUP(H36,$AC$4:$AD$19,2,FALSE))*IF(H36="Recycled Content",I36,1)) | P36: 10 | Q36: =IF($C44=Q$26,$F44,"") | R36: =IF($C44=R$26,$F44,"") | S36: =IF($C44=S$26,$F44,"") | T36: =IF($C44=T$26,$F44,"") | U36: =IF($C44=U$26,$F44,"") | V36: =IF($C44=V$26,$F44,"") | W36: =IF($C44=W$26,$F44,"") | X36: =IF($C44=X$26,$F44,"") | ... AC36: =IF($C44=AC$26,$F44,"") | AE36: =IF($C44=AE$26,$J44,"") | AF36: =IF($C44=AF$26,$J44,"") | AG36: =IF($C44=AG$26,$J44,"") | AH36: =IF($C44=AH$26,$J44,"") | AI36: =IF($C44=AI$26,$J44,"") | AJ36: =IF($C44=AJ$26,$J44,"") | AK36: =IF($C44=AK$26,$J44,"") | AL36: =IF($C44=AL$26,$J44,"") | ... AQ36: =IF($C44=AQ$26,$J44,"")
B37: 3 | C37: - | G37: =IF(OR(C37="-",C37=""),"",VLOOKUP(C37,$AG$3:$AH$16,2,FALSE)) | J37: =IF(C37="-","",IF(H37="",0,VLOOKUP(H37,$AC$4:$AD$19,2,FALSE))*IF(H37="Recycled Content",I37,1)) | P37: 11 | Q37: =IF($C45=Q$26,$F45,"") | R37: =IF($C45=R$26,$F45,"") | S37: =IF($C45=S$26,$F45,"") | T37: =IF($C45=T$26,$F45,"") | U37: =IF($C45=U$26,$F45,"") | V37: =IF($C45=V$26,$F45,"") | W37: =IF($C45=W$26,$F45,"") | X37: =IF($C45=X$26,$F45,"") | ... AC37: =IF($C45=AC$26,$F45,"") | AE37: =IF($C45=AE$26,$J45,"") | AF37: =IF($C45=AF$26,$J45,"") | AG37: =IF($C45=AG$26,$J45,"") | AH37: =IF($C45=AH$26,$J45,"") | AI37: =IF($C45=AI$26,$J45,"") | AJ37: =IF($C45=AJ$26,$J45,"") | AK37: =IF($C45=AK$26,$J45,"") | AL37: =IF($C45=AL$26,$J45,"") | ... AQ37: =IF($C45=AQ$26,$J45,"")
B38: 4 | C38: - | G38: =IF(OR(C38="-",C38=""),"",VLOOKUP(C38,$AG$3:$AH$16,2,FALSE)) | J38: =IF(C38="-","",IF(H38="",0,VLOOKUP(H38,$AC$4:$AD$19,2,FALSE))*IF(H38="Recycled Content",I38,1)) | P38: 12 | Q38: =IF($C46=Q$26,$F46,"") | R38: =IF($C46=R$26,$F46,"") | S38: =IF($C46=S$26,$F46,"") | T38: =IF($C46=T$26,$F46,"") | U38: =IF($C46=U$26,$F46,"") | V38: =IF($C46=V$26,$F46,"") | W38: =IF($C46=W$26,$F46,"") | X38: =IF($C46=X$26,$F46,"") | ... AC38: =IF($C46=AC$26,$F46,"") | AE38: =IF($C46=AE$26,$J46,"") | AF38: =IF($C46=AF$26,$J46,"") | AG38: =IF($C46=AG$26,$J46,"") | AH38: =IF($C46=AH$26,$J46,"") | AI38: =IF($C46=AI$26,$J46,"") | AJ38: =IF($C46=AJ$26,$J46,"") | AK38: =IF($C46=AK$26,$J46,"") | AL38: =IF($C46=AL$26,$J46,"") | ... AQ38: =IF($C46=AQ$26,$J46,"")
B39: 5 | C39: - | G39: =IF(OR(C39="-",C39=""),"",VLOOKUP(C39,$AG$3:$AH$16,2,FALSE)) | J39: =IF(C39="-","",IF(H39="",0,VLOOKUP(H39,$AC$4:$AD$19,2,FALSE))*IF(H39="Recycled Content",I39,1)) | P39: 13 | Q39: =IF($C47=Q$26,$F47,"") | R39: =IF($C47=R$26,$F47,"") | S39: =IF($C47=S$26,$F47,"") | T39: =IF($C47=T$26,$F47,"") | U39: =IF($C47=U$26,$F47,"") | V39: =IF($C47=V$26,$F47,"") | W39: =IF($C47=W$26,$F47,"") | X39: =IF($C47=X$26,$F47,"") | ... AC39: =IF($C47=AC$26,$F47,"") | AE39: =IF($C47=AE$26,$J47,"") | AF39: =IF($C47=AF$26,$J47,"") | AG39: =IF($C47=AG$26,$J47,"") | AH39: =IF($C47=AH$26,$J47,"") | AI39: =IF($C47=AI$26,$J47,"") | AJ39: =IF($C47=AJ$26,$J47,"") | AK39: =IF($C47=AK$26,$J47,"") | AL39: =IF($C47=AL$26,$J47,"") | ... AQ39: =IF($C47=AQ$26,$J47,"")
B40: 6 | C40: - | G40: =IF(OR(C40="-",C40=""),"",VLOOKUP(C40,$AG$3:$AH$16,2,FALSE)) | J40: =IF(C40="-","",IF(H40="",0,VLOOKUP(H40,$AC$4:$AD$19,2,FALSE))*IF(H40="Recycled Content",I40,1)) | P40: 14 | Q40: =IF($C48=Q$26,$F48,"") | R40: =IF($C48=R$26,$F48,"") | S40: =IF($C48=S$26,$F48,"") | T40: =IF($C48=T$26,$F48,"") | U40: =IF($C48=U$26,$F48,"") | V40: =IF($C48=V$26,$F48,"") | W40: =IF($C48=W$26,$F48,"") | X40: =IF($C48=X$26,$F48,"") | ... AC40: =IF($C48=AC$26,$F48,"") | AE40: =IF($C48=AE$26,$J48,"") | AF40: =IF($C48=AF$26,$J48,"") | AG40: =IF($C48=AG$26,$J48,"") | AH40: =IF($C48=AH$26,$J48,"") | AI40: =IF($C48=AI$26,$J48,"") | AJ40: =IF($C48=AJ$26,$J48,"") | AK40: =IF($C48=AK$26,$J48,"") | AL40: =IF($C48=AL$26,$J48,"") | ... AQ40: =IF($C48=AQ$26,$J48,"")
B41: 7 | C41: - | G41: =IF(OR(C41="-",C41=""),"",VLOOKUP(C41,$AG$3:$AH$16,2,FALSE)) | J41: =IF(C41="-","",IF(H41="",0,VLOOKUP(H41,$AC$4:$AD$19,2,FALSE))*IF(H41="Recycled Content",I41,1)) | P41: 15 | Q41: =IF($C49=Q$26,$F49,"") | R41: =IF($C49=R$26,$F49,"") | S41: =IF($C49=S$26,$F49,"") | T41: =IF($C49=T$26,$F49,"") | U41: =IF($C49=U$26,$F49,"") | V41: =IF($C49=V$26,$F49,"") | W41: =IF($C49=W$26,$F49,"") | X41: =IF($C49=X$26,$F49,"") | ... AC41: =IF($C49=AC$26,$F49,"") | AE41: =IF($C49=AE$26,$J49,"") | AF41: =IF($C49=AF$26,$J49,"") | AG41: =IF($C49=AG$26,$J49,"") | AH41: =IF($C49=AH$26,$J49,"") | AI41: =IF($C49=AI$26,$J49,"") | AJ41: =IF($C49=AJ$26,$J49,"") | AK41: =IF($C49=AK$26,$J49,"") | AL41: =IF($C49=AL$26,$J49,"") | ... AQ41: =IF($C49=AQ$26,$J49,"")
B42: 8 | C42: - | G42: =IF(OR(C42="-",C42=""),"",VLOOKUP(C42,$AG$3:$AH$16,2,FALSE)) | J42: =IF(C42="-","",IF(H42="",0,VLOOKUP(H42,$AC$4:$AD$19,2,FALSE))*IF(H42="Recycled Content",I42,1)) | P42: 16 | Q42: =IF($C50=Q$26,$F50,"") | R42: =IF($C50=R$26,$F50,"") | S42: =IF($C50=S$26,$F50,"") | T42: =IF($C50=T$26,$F50,"") | U42: =IF($C50=U$26,$F50,"") | V42: =IF($C50=V$26,$F50,"") | W42: =IF($C50=W$26,$F50,"") | X42: =IF($C50=X$26,$F50,"") | ... AC42: =IF($C50=AC$26,$F50,"") | AE42: =IF($C50=AE$26,$J50,"") | AF42: =IF($C50=AF$26,$J50,"") | AG42: =IF($C50=AG$26,$J50,"") | AH42: =IF($C50=AH$26,$J50,"") | AI42: =IF($C50=AI$26,$J50,"") | AJ42: =IF($C50=AJ$26,$J50,"") | AK42: =IF($C50=AK$26,$J50,"") | AL42: =IF($C50=AL$26,$J50,"") | ... AQ42: =IF($C50=AQ$26,$J50,"")
B43: 9 | C43: - | G43: =IF(OR(C43="-",C43=""),"",VLOOKUP(C43,$AG$3:$AH$16,2,FALSE)) | J43: =IF(C43="-","",IF(H43="",0,VLOOKUP(H43,$AC$4:$AD$19,2,FALSE))*IF(H43="Recycled Content",I43,1)) | P43: 17 | Q43: =IF($C51=Q$26,$F51,"") | R43: =IF($C51=R$26,$F51,"") | S43: =IF($C51=S$26,$F51,"") | T43: =IF($C51=T$26,$F51,"") | U43: =IF($C51=U$26,$F51,"") | V43: =IF($C51=V$26,$F51,"") | W43: =IF($C51=W$26,$F51,"") | X43: =IF($C51=X$26,$F51,"") | ... AC43: =IF($C51=AC$26,$F51,"") | AE43: =IF($C51=AE$26,$J51,"") | AF43: =IF($C51=AF$26,$J51,"") | AG43: =IF($C51=AG$26,$J51,"") | AH43: =IF($C51=AH$26,$J51,"") | AI43: =IF($C51=AI$26,$J51,"") | AJ43: =IF($C51=AJ$26,$J51,"") | AK43: =IF($C51=AK$26,$J51,"") | AL43: =IF($C51=AL$26,$J51,"") | ... AQ43: =IF($C51=AQ$26,$J51,"")
B44: 10 | C44: - | G44: =IF(OR(C44="-",C44=""),"",VLOOKUP(C44,$AG$3:$AH$16,2,FALSE)) | J44: =IF(C44="-","",IF(H44="",0,VLOOKUP(H44,$AC$4:$AD$19,2,FALSE))*IF(H44="Recycled Content",I44,1)) | P44: 18 | Q44: =IF($C52=Q$26,$F52,"") | R44: =IF($C52=R$26,$F52,"") | S44: =IF($C52=S$26,$F52,"") | T44: =IF($C52=T$26,$F52,"") | U44: =IF($C52=U$26,$F52,"") | V44: =IF($C52=V$26,$F52,"") | W44: =IF($C52=W$26,$F52,"") | X44: =IF($C52=X$26,$F52,"") | ... AC44: =IF($C52=AC$26,$F52,"") | AE44: =IF($C52=AE$26,$J52,"") | AF44: =IF($C52=AF$26,$J52,"") | AG44: =IF($C52=AG$26,$J52,"") | AH44: =IF($C52=AH$26,$J52,"") | AI44: =IF($C52=AI$26,$J52,"") | AJ44: =IF($C52=AJ$26,$J52,"") | AK44: =IF($C52=AK$26,$J52,"") | AL44: =IF($C52=AL$26,$J52,"") | ... AQ44: =IF($C52=AQ$26,$J52,"")
B45: 11 | C45: - | G45: =IF(OR(C45="-",C45=""),"",VLOOKUP(C45,$AG$3:$AH$16,2,FALSE)) | J45: =IF(C45="-","",IF(H45="",0,VLOOKUP(H45,$AC$4:$AD$19,2,FALSE))*IF(H45="Recycled Content",I45,1)) | P45: 19 | Q45: =IF($C53=Q$26,$F53,"") | R45: =IF($C53=R$26,$F53,"") | S45: =IF($C53=S$26,$F53,"") | T45: =IF($C53=T$26,$F53,"") | U45: =IF($C53=U$26,$F53,"") | V45: =IF($C53=V$26,$F53,"") | W45: =IF($C53=W$26,$F53,"") | X45: =IF($C53=X$26,$F53,"") | ... AC45: =IF($C53=AC$26,$F53,"") | AE45: =IF($C53=AE$26,$J53,"") | AF45: =IF($C53=AF$26,$J53,"") | AG45: =IF($C53=AG$26,$J53,"") | AH45: =IF($C53=AH$26,$J53,"") | AI45: =IF($C53=AI$26,$J53,"") | AJ45: =IF($C53=AJ$26,$J53,"") | AK45: =IF($C53=AK$26,$J53,"") | AL45: =IF($C53=AL$26,$J53,"") | ... AQ45: =IF($C53=AQ$26,$J53,"")
B46: 12 | C46: - | G46: =IF(OR(C46="-",C46=""),"",VLOOKUP(C46,$AG$3:$AH$16,2,FALSE)) | J46: =IF(C46="-","",IF(H46="",0,VLOOKUP(H46,$AC$4:$AD$19,2,FALSE))*IF(H46="Recycled Content",I46,1)) | P46: 20 | Q46: =IF($C54=Q$26,$F54,"") | R46: =IF($C54=R$26,$F54,"") | S46: =IF($C54=S$26,$F54,"") | T46: =IF($C54=T$26,$F54,"") | U46: =IF($C54=U$26,$F54,"") | V46: =IF($C54=V$26,$F54,"") | W46: =IF($C54=W$26,$F54,"") | X46: =IF($C54=X$26,$F54,"") | ... AC46: =IF($C54=AC$26,$F54,"") | AE46: =IF($C54=AE$26,$J54,"") | AF46: =IF($C54=AF$26,$J54,"") | AG46: =IF($C54=AG$26,$J54,"") | AH46: =IF($C54=AH$26,$J54,"") | AI46: =IF($C54=AI$26,$J54,"") | AJ46: =IF($C54=AJ$26,$J54,"") | AK46: =IF($C54=AK$26,$J54,"") | AL46: =IF($C54=AL$26,$J54,"") | ... AQ46: =IF($C54=AQ$26,$J54,"")
... B56: 22 | C56: - | G56: =IF(OR(C56="-",C56=""),"",VLOOKUP(C56,$AG$3:$AH$16,2,FALSE)) | J56: =IF(C56="-","",IF(H56="",0,VLOOKUP(H56,$AC$4:$AD$19,2,FALSE))*IF(H56="Recycled Content",I56,1)) | P56: 30 | Q56: =IF($C64=Q$26,$F64,"") | R56: =IF($C64=R$26,$F64,"") | S56: =IF($C64=S$26,$F64,"") | T56: =IF($C64=T$26,$F64,"") | U56: =IF($C64=U$26,$F64,"") | V56: =IF($C64=V$26,$F64,"") | W56: =IF($C64=W$26,$F64,"") | X56: =IF($C64=X$26,$F64,"") | ... AC56: =IF($C64=AC$26,$F64,"") | AE56: =IF($C64=AE$26,$J64,"") | AF56: =IF($C64=AF$26,$J64,"") | AG56: =IF($C64=AG$26,$J64,"") | AH56: =IF($C64=AH$26,$J64,"") | AI56: =IF($C64=AI$26,$J64,"") | AJ56: =IF($C64=AJ$26,$J64,"") | AK56: =IF($C64=AK$26,$J64,"") | AL56: =IF($C64=AL$26,$J64,"") | ... AQ56: =IF($C64=AQ$26,$J64,"")
B57: 23 | C57: - | G57: =IF(OR(C57="-",C57=""),"",VLOOKUP(C57,$AG$3:$AH$16,2,FALSE)) | J57: =IF(C57="-","",IF(H57="",0,VLOOKUP(H57,$AC$4:$AD$19,2,FALSE))*IF(H57="Recycled Content",I57,1))
B58: 24 | C58: - | G58: =IF(OR(C58="-",C58=""),"",VLOOKUP(C58,$AG$3:$AH$16,2,FALSE)) | J58: =IF(C58="-","",IF(H58="",0,VLOOKUP(H58,$AC$4:$AD$19,2,FALSE))*IF(H58="Recycled Content",I58,1)) | Q58: 1 | R58: 2 | S58: 3 | T58: 4 | U58: 5 | V58: 6 | W58: 7 | X58: 8 | Y58: 9 | Z58: 10 | AA58: 11 | AB58: 12 | AC58: 13 | AD58: 14 | AE58: 15 | AF58: 16 | AG58: 17 | AH58: 18 | AI58: 19 | AJ58: 20 | AK58: 21 | AL58: 22 | AM58: 23 | AN58: 24 | AO58: 25 | AP58: 26 | AQ58: 27 | AR58: 28 | AS58: 29 | AT58: 30
B59: 25 | C59: - | G59: =IF(OR(C59="-",C59=""),"",VLOOKUP(C59,$AG$3:$AH$16,2,FALSE)) | J59: =IF(C59="-","",IF(H59="",0,VLOOKUP(H59,$AC$4:$AD$19,2,FALSE))*IF(H59="Recycled Content",I59,1)) | Q59: =C35 -> Concrete | R59: =C36 -> - | S59: =C37 -> - | T59: =C38 -> - | U59: =C39 -> - | V59: =C40 -> - | W59: =C41 -> - | X59: =C42 -> - | Y59: =C43 -> - | Z59: =C44 -> - | AA59: =C45 -> - | AB59: =C46 -> - | AC59: =C47 -> - | AD59: =C48 -> - | AE59: =C49 -> - | AF59: =C50 -> - | AG59: =C51 -> - | AH59: =C52 -> - | AI59: =C53 -> - | AJ59: =C54 -> - | AK59: =C55 -> - | AL59: =C56 -> - | AM59: =C57 -> - | AN59: =C58 -> - | AO59: =C59 -> - | AP59: =C60 -> - | AQ59: =C61 -> - | AR59: =C62 -> - | AS59: =C63 -> - | AT59: =C64 -> -
B60: 26 | C60: - | G60: =IF(OR(C60="-",C60=""),"",VLOOKUP(C60,$AG$3:$AH$16,2,FALSE)) | J60: =IF(C60="-","",IF(H60="",0,VLOOKUP(H60,$AC$4:$AD$19,2,FALSE))*IF(H60="Recycled Content",I60,1)) | Q60: =HLOOKUP(Q$59,$N$1:$Y$17,2,FALSE) -> None | R60: =HLOOKUP(R$59,$N$1:$Y$17,2,FALSE) -> #N/A | S60: =HLOOKUP(S$59,$N$1:$Y$17,2,FALSE) -> #N/A | T60: =HLOOKUP(T$59,$N$1:$Y$17,2,FALSE) -> #N/A | U60: =HLOOKUP(U$59,$N$1:$Y$17,2,FALSE) -> #N/A | V60: =HLOOKUP(V$59,$N$1:$Y$17,2,FALSE) -> #N/A | W60: =HLOOKUP(W$59,$N$1:$Y$17,2,FALSE) -> #N/A | X60: =HLOOKUP(X$59,$N$1:$Y$17,2,FALSE) -> #N/A | ... AT60: =HLOOKUP(AT$59,$N$1:$Y$17,2,FALSE) -> #N/A
B61: 27 | C61: - | G61: =IF(OR(C61="-",C61=""),"",VLOOKUP(C61,$AG$3:$AH$16,2,FALSE)) | J61: =IF(C61="-","",IF(H61="",0,VLOOKUP(H61,$AC$4:$AD$19,2,FALSE))*IF(H61="Recycled Content",I61,1)) | Q61: =HLOOKUP(Q$59,$N$1:$Y$17,3,FALSE) -> Reused | R61: =HLOOKUP(R$59,$N$1:$Y$17,3,FALSE) -> #N/A | S61: =HLOOKUP(S$59,$N$1:$Y$17,3,FALSE) -> #N/A | T61: =HLOOKUP(T$59,$N$1:$Y$17,3,FALSE) -> #N/A | U61: =HLOOKUP(U$59,$N$1:$Y$17,3,FALSE) -> #N/A | V61: =HLOOKUP(V$59,$N$1:$Y$17,3,FALSE) -> #N/A | W61: =HLOOKUP(W$59,$N$1:$Y$17,3,FALSE) -> #N/A | X61: =HLOOKUP(X$59,$N$1:$Y$17,3,FALSE) -> #N/A | ... AT61: =HLOOKUP(AT$59,$N$1:$Y$17,3,FALSE) -> #N/A
B62: 28 | C62: - | G62: =IF(OR(C62="-",C62=""),"",VLOOKUP(C62,$AG$3:$AH$16,2,FALSE)) | J62: =IF(C62="-","",IF(H62="",0,VLOOKUP(H62,$AC$4:$AD$19,2,FALSE))*IF(H62="Recycled Content",I62,1)) | Q62: =HLOOKUP(Q$59,$N$1:$Y$17,4,FALSE) -> Eco Label Level A | R62: =HLOOKUP(R$59,$N$1:$Y$17,4,FALSE) -> #N/A | S62: =HLOOKUP(S$59,$N$1:$Y$17,4,FALSE) -> #N/A | T62: =HLOOKUP(T$59,$N$1:$Y$17,4,FALSE) -> #N/A | U62: =HLOOKUP(U$59,$N$1:$Y$17,4,FALSE) -> #N/A | V62: =HLOOKUP(V$59,$N$1:$Y$17,4,FALSE) -> #N/A | W62: =HLOOKUP(W$59,$N$1:$Y$17,4,FALSE) -> #N/A | X62: =HLOOKUP(X$59,$N$1:$Y$17,4,FALSE) -> #N/A | ... AT62: =HLOOKUP(AT$59,$N$1:$Y$17,4,FALSE) -> #N/A
B63: 29 | C63: - | G63: =IF(OR(C63="-",C63=""),"",VLOOKUP(C63,$AG$3:$AH$16,2,FALSE)) | J63: =IF(C63="-","",IF(H63="",0,VLOOKUP(H63,$AC$4:$AD$19,2,FALSE))*IF(H63="Recycled Content",I63,1)) | Q63: =HLOOKUP(Q$59,$N$1:$Y$17,5,FALSE) -> Recycled Content | R63: =HLOOKUP(R$59,$N$1:$Y$17,5,FALSE) -> #N/A | S63: =HLOOKUP(S$59,$N$1:$Y$17,5,FALSE) -> #N/A | T63: =HLOOKUP(T$59,$N$1:$Y$17,5,FALSE) -> #N/A | U63: =HLOOKUP(U$59,$N$1:$Y$17,5,FALSE) -> #N/A | V63: =HLOOKUP(V$59,$N$1:$Y$17,5,FALSE) -> #N/A | W63: =HLOOKUP(W$59,$N$1:$Y$17,5,FALSE) -> #N/A | X63: =HLOOKUP(X$59,$N$1:$Y$17,5,FALSE) -> #N/A | ... AT63: =HLOOKUP(AT$59,$N$1:$Y$17,5,FALSE) -> #N/A
B64: 30 | C64: - | G64: =IF(OR(C64="-",C64=""),"",VLOOKUP(C64,$AG$3:$AH$16,2,FALSE)) | J64: =IF(C64="-","",IF(H64="",0,VLOOKUP(H64,$AC$4:$AD$19,2,FALSE))*IF(H64="Recycled Content",I64,1)) | Q64: =HLOOKUP(Q$59,$N$1:$Y$17,6,FALSE) -> ISO14001 | R64: =HLOOKUP(R$59,$N$1:$Y$17,6,FALSE) -> #N/A | S64: =HLOOKUP(S$59,$N$1:$Y$17,6,FALSE) -> #N/A | T64: =HLOOKUP(T$59,$N$1:$Y$17,6,FALSE) -> #N/A | U64: =HLOOKUP(U$59,$N$1:$Y$17,6,FALSE) -> #N/A | V64: =HLOOKUP(V$59,$N$1:$Y$17,6,FALSE) -> #N/A | W64: =HLOOKUP(W$59,$N$1:$Y$17,6,FALSE) -> #N/A | X64: =HLOOKUP(X$59,$N$1:$Y$17,6,FALSE) -> #N/A | ... AT64: =HLOOKUP(AT$59,$N$1:$Y$17,6,FALSE) -> #N/A
Q65: =HLOOKUP(Q$59,$N$1:$Y$17,7,FALSE) -> Enviromark Gold or above | R65: =HLOOKUP(R$59,$N$1:$Y$17,7,FALSE) -> #N/A | S65: =HLOOKUP(S$59,$N$1:$Y$17,7,FALSE) -> #N/A | T65: =HLOOKUP(T$59,$N$1:$Y$17,7,FALSE) -> #N/A | U65: =HLOOKUP(U$59,$N$1:$Y$17,7,FALSE) -> #N/A | V65: =HLOOKUP(V$59,$N$1:$Y$17,7,FALSE) -> #N/A | W65: =HLOOKUP(W$59,$N$1:$Y$17,7,FALSE) -> #N/A | X65: =HLOOKUP(X$59,$N$1:$Y$17,7,FALSE) -> #N/A | ... AT65: =HLOOKUP(AT$59,$N$1:$Y$17,7,FALSE) -> #N/A
C66: Summary of HC - 7 Healthy Materials Points | Q66: =HLOOKUP(Q$59,$N$1:$Y$17,8,FALSE) -> CarboNZero product certification | R66: =HLOOKUP(R$59,$N$1:$Y$17,8,FALSE) -> #N/A | S66: =HLOOKUP(S$59,$N$1:$Y$17,8,FALSE) -> #N/A | T66: =HLOOKUP(T$59,$N$1:$Y$17,8,FALSE) -> #N/A | U66: =HLOOKUP(U$59,$N$1:$Y$17,8,FALSE) -> #N/A | V66: =HLOOKUP(V$59,$N$1:$Y$17,8,FALSE) -> #N/A | W66: =HLOOKUP(W$59,$N$1:$Y$17,8,FALSE) -> #N/A | X66: =HLOOKUP(X$59,$N$1:$Y$17,8,FALSE) -> #N/A | ... AT66: =HLOOKUP(AT$59,$N$1:$Y$17,8,FALSE) -> #N/A
Q67: =HLOOKUP(Q$59,$N$1:$Y$17,9,FALSE) -> Declare | R67: =HLOOKUP(R$59,$N$1:$Y$17,9,FALSE) -> #N/A | S67: =HLOOKUP(S$59,$N$1:$Y$17,9,FALSE) -> #N/A | T67: =HLOOKUP(T$59,$N$1:$Y$17,9,FALSE) -> #N/A | U67: =HLOOKUP(U$59,$N$1:$Y$17,9,FALSE) -> #N/A | V67: =HLOOKUP(V$59,$N$1:$Y$17,9,FALSE) -> #N/A | W67: =HLOOKUP(W$59,$N$1:$Y$17,9,FALSE) -> #N/A | X67: =HLOOKUP(X$59,$N$1:$Y$17,9,FALSE) -> #N/A | ... AT67: =HLOOKUP(AT$59,$N$1:$Y$17,9,FALSE) -> #N/A
C68: Product Type | D68: Points | E68: % Compliant | Q68: =HLOOKUP(Q$59,$N$1:$Y$17,10,FALSE) -> CEMARS product certification | R68: =HLOOKUP(R$59,$N$1:$Y$17,10,FALSE) -> #N/A | S68: =HLOOKUP(S$59,$N$1:$Y$17,10,FALSE) -> #N/A | T68: =HLOOKUP(T$59,$N$1:$Y$17,10,FALSE) -> #N/A | U68: =HLOOKUP(U$59,$N$1:$Y$17,10,FALSE) -> #N/A | V68: =HLOOKUP(V$59,$N$1:$Y$17,10,FALSE) -> #N/A | W68: =HLOOKUP(W$59,$N$1:$Y$17,10,FALSE) -> #N/A | X68: =HLOOKUP(X$59,$N$1:$Y$17,10,FALSE) -> #N/A | ... AT68: =HLOOKUP(AT$59,$N$1:$Y$17,10,FALSE) -> #N/A
C69: {=IFERROR(INDEX($C$79:$C$93, MATCH(0,COUNTIF($C$68:C68,$C$79:$C$93), 0)),"")} -> Floor Coverings | D69: =IF(OR(C69="-",C69=""),"",VALUE(IF(CONCATENATE(IF(AND(C69=$AG$20,E69=1),1,""),IF(AND(C69=$AG$21,E69>=0.8),1,""),IF(AND(C69=$AG$22,E69>=0.8),0.5,""),IF(AND(C69=$AG$23,E69>=0.8),1,""))="",0,CONCATENATE(IF(AND(C69=$AG$20,E69=1),1,""),IF(AND(C69=$AG$21,E69>=0.8),1,""),IF(AND(C69=$AG$22,E69>=0.8),1,""),IF(AND(C69=$AG$23,E69>=0.8),1,""))))) -> 0 | E69: =IFERROR(IF(OR(C69="",C69="-"),"",SUMIFS($F$79:$F$93,$I$79:$I$93,">0",$C$79:$C$93,C69)/SUMIFS($F$79:$F$93,$C$79:$C$93,C69)),0) -> 0 | Q69: =HLOOKUP(Q$59,$N$1:$Y$17,11,FALSE) -> End-of-Life Stewardship Programme | R69: =HLOOKUP(R$59,$N$1:$Y$17,11,FALSE) -> #N/A | S69: =HLOOKUP(S$59,$N$1:$Y$17,11,FALSE) -> #N/A | T69: =HLOOKUP(T$59,$N$1:$Y$17,11,FALSE) -> #N/A | U69: =HLOOKUP(U$59,$N$1:$Y$17,11,FALSE) -> #N/A | V69: =HLOOKUP(V$59,$N$1:$Y$17,11,FALSE) -> #N/A | W69: =HLOOKUP(W$59,$N$1:$Y$17,11,FALSE) -> #N/A | X69: =HLOOKUP(X$59,$N$1:$Y$17,11,FALSE) -> #N/A | ... AT69: =HLOOKUP(AT$59,$N$1:$Y$17,11,FALSE) -> #N/A
C70: {=IFERROR(INDEX($C$79:$C$93, MATCH(0,COUNTIF($C$68:C69,$C$79:$C$93), 0)),"")} -> - | D70: =IF(OR(C70="-",C70=""),"",VALUE(IF(CONCATENATE(IF(AND(C70=$AG$20,E70=1),1,""),IF(AND(C70=$AG$21,E70>=0.8),1,""),IF(AND(C70=$AG$22,E70>=0.8),1,""),IF(AND(C70=$AG$23,E70>=0.8),1,""))="",0,CONCATENATE(IF(AND(C70=$AG$20,E70=1),1,""),IF(AND(C70=$AG$21,E70>=0.8),1,""),IF(AND(C70=$AG$22,E70>=0.8),1,""),IF(AND(C70=$AG$23,E70>=0.8),1,""))))) | E70: =IFERROR(IF(OR(C70="",C70="-"),"",SUMIFS($F$79:$F$93,$I$79:$I$93,">0",$C$79:$C$93,C70)/SUMIFS($F$79:$F$93,$C$79:$C$93,C70)),0) | Q70: =HLOOKUP(Q$59,$N$1:$Y$17,12,FALSE) -> Product specific EPD | R70: =HLOOKUP(R$59,$N$1:$Y$17,12,FALSE) -> #N/A | S70: =HLOOKUP(S$59,$N$1:$Y$17,12,FALSE) -> #N/A | T70: =HLOOKUP(T$59,$N$1:$Y$17,12,FALSE) -> #N/A | U70: =HLOOKUP(U$59,$N$1:$Y$17,12,FALSE) -> #N/A | V70: =HLOOKUP(V$59,$N$1:$Y$17,12,FALSE) -> #N/A | W70: =HLOOKUP(W$59,$N$1:$Y$17,12,FALSE) -> #N/A | X70: =HLOOKUP(X$59,$N$1:$Y$17,12,FALSE) -> #N/A | ... AT70: =HLOOKUP(AT$59,$N$1:$Y$17,12,FALSE) -> #N/A
C71: {=IFERROR(INDEX($C$79:$C$93, MATCH(0,COUNTIF($C$68:C70,$C$79:$C$93), 0)),"")} | D71: =IF(OR(C71="-",C71=""),"",VALUE(IF(CONCATENATE(IF(AND(C71=$AG$20,E71=1),1,""),IF(AND(C71=$AG$21,E71>=0.8),1,""),IF(AND(C71=$AG$22,E71>=0.8),1,""),IF(AND(C71=$AG$23,E71>=0.8),1,""))="",0,CONCATENATE(IF(AND(C71=$AG$20,E71=1),1,""),IF(AND(C71=$AG$21,E71>=0.8),1,""),IF(AND(C71=$AG$22,E71>=0.8),1,""),IF(AND(C71=$AG$23,E71>=0.8),1,""))))) | E71: =IFERROR(IF(OR(C71="",C71="-"),"",SUMIFS($F$79:$F$93,$I$79:$I$93,">0",$C$79:$C$93,C71)/SUMIFS($F$79:$F$93,$C$79:$C$93,C71)),0) | Q71: =IF(HLOOKUP(Q$59,$N$1:$Y$17,13,FALSE)=0,"",HLOOKUP(Q$59,$N$1:$Y$17,13,FALSE)) -> Industry wide EPD | R71: =IF(HLOOKUP(R$59,$N$1:$Y$17,13,FALSE)=0,"",HLOOKUP(R$59,$N$1:$Y$17,13,FALSE)) -> #N/A | S71: =IF(HLOOKUP(S$59,$N$1:$Y$17,13,FALSE)=0,"",HLOOKUP(S$59,$N$1:$Y$17,13,FALSE)) -> #N/A | T71: =IF(HLOOKUP(T$59,$N$1:$Y$17,13,FALSE)=0,"",HLOOKUP(T$59,$N$1:$Y$17,13,FALSE)) -> #N/A | U71: =IF(HLOOKUP(U$59,$N$1:$Y$17,13,FALSE)=0,"",HLOOKUP(U$59,$N$1:$Y$17,13,FALSE)) -> #N/A | V71: =IF(HLOOKUP(V$59,$N$1:$Y$17,13,FALSE)=0,"",HLOOKUP(V$59,$N$1:$Y$17,13,FALSE)) -> #N/A | W71: =IF(HLOOKUP(W$59,$N$1:$Y$17,13,FALSE)=0,"",HLOOKUP(W$59,$N$1:$Y$17,13,FALSE)) -> #N/A | X71: =IF(HLOOKUP(X$59,$N$1:$Y$17,13,FALSE)=0,"",HLOOKUP(X$59,$N$1:$Y$17,13,FALSE)) -> #N/A | ... AT71: =IF(HLOOKUP(AT$59,$N$1:$Y$17,13,FALSE)=0,"",HLOOKUP(AT$59,$N$1:$Y$17,13,FALSE)) -> #N/A
C72: {=IFERROR(INDEX($C$79:$C$93, MATCH(0,COUNTIF($C$68:C71,$C$79:$C$93), 0)),"")} | D72: =IF(OR(C72="-",C72=""),"",VALUE(IF(CONCATENATE(IF(AND(C72=$AG$20,E72=1),1,""),IF(AND(C72=$AG$21,E72>=0.8),1,""),IF(AND(C72=$AG$22,E72>=0.8),1,""),IF(AND(C72=$AG$23,E72>=0.8),1,""))="",0,CONCATENATE(IF(AND(C72=$AG$20,E72=1),1,""),IF(AND(C72=$AG$21,E72>=0.8),1,""),IF(AND(C72=$AG$22,E72>=0.8),1,""),IF(AND(C72=$AG$23,E72>=0.8),1,""))))) | E72: =IFERROR(IF(OR(C72="",C72="-"),"",SUMIFS($F$79:$F$93,$I$79:$I$93,">0",$C$79:$C$93,C72)/SUMIFS($F$79:$F$93,$C$79:$C$93,C72)),0) | Q72: =IF(HLOOKUP(Q$59,$N$1:$Y$17,14,FALSE)=0,"",HLOOKUP(Q$59,$N$1:$Y$17,14,FALSE)) | R72: =IF(HLOOKUP(R$59,$N$1:$Y$17,14,FALSE)=0,"",HLOOKUP(R$59,$N$1:$Y$17,14,FALSE)) -> #N/A | S72: =IF(HLOOKUP(S$59,$N$1:$Y$17,14,FALSE)=0,"",HLOOKUP(S$59,$N$1:$Y$17,14,FALSE)) -> #N/A | T72: =IF(HLOOKUP(T$59,$N$1:$Y$17,14,FALSE)=0,"",HLOOKUP(T$59,$N$1:$Y$17,14,FALSE)) -> #N/A | U72: =IF(HLOOKUP(U$59,$N$1:$Y$17,14,FALSE)=0,"",HLOOKUP(U$59,$N$1:$Y$17,14,FALSE)) -> #N/A | V72: =IF(HLOOKUP(V$59,$N$1:$Y$17,14,FALSE)=0,"",HLOOKUP(V$59,$N$1:$Y$17,14,FALSE)) -> #N/A | W72: =IF(HLOOKUP(W$59,$N$1:$Y$17,14,FALSE)=0,"",HLOOKUP(W$59,$N$1:$Y$17,14,FALSE)) -> #N/A | X72: =IF(HLOOKUP(X$59,$N$1:$Y$17,14,FALSE)=0,"",HLOOKUP(X$59,$N$1:$Y$17,14,FALSE)) -> #N/A | ... AT72: =IF(HLOOKUP(AT$59,$N$1:$Y$17,14,FALSE)=0,"",HLOOKUP(AT$59,$N$1:$Y$17,14,FALSE)) -> #N/A
Q73: =IF(HLOOKUP(Q$59,$N$1:$Y$17,15,FALSE)=0,"",HLOOKUP(Q$59,$N$1:$Y$17,15,FALSE)) | R73: =IF(HLOOKUP(R$59,$N$1:$Y$17,15,FALSE)=0,"",HLOOKUP(R$59,$N$1:$Y$17,15,FALSE)) -> #N/A | S73: =IF(HLOOKUP(S$59,$N$1:$Y$17,15,FALSE)=0,"",HLOOKUP(S$59,$N$1:$Y$17,15,FALSE)) -> #N/A | T73: =IF(HLOOKUP(T$59,$N$1:$Y$17,15,FALSE)=0,"",HLOOKUP(T$59,$N$1:$Y$17,15,FALSE)) -> #N/A | U73: =IF(HLOOKUP(U$59,$N$1:$Y$17,15,FALSE)=0,"",HLOOKUP(U$59,$N$1:$Y$17,15,FALSE)) -> #N/A | V73: =IF(HLOOKUP(V$59,$N$1:$Y$17,15,FALSE)=0,"",HLOOKUP(V$59,$N$1:$Y$17,15,FALSE)) -> #N/A | W73: =IF(HLOOKUP(W$59,$N$1:$Y$17,15,FALSE)=0,"",HLOOKUP(W$59,$N$1:$Y$17,15,FALSE)) -> #N/A | X73: =IF(HLOOKUP(X$59,$N$1:$Y$17,15,FALSE)=0,"",HLOOKUP(X$59,$N$1:$Y$17,15,FALSE)) -> #N/A | ... AT73: =IF(HLOOKUP(AT$59,$N$1:$Y$17,15,FALSE)=0,"",HLOOKUP(AT$59,$N$1:$Y$17,15,FALSE)) -> #N/A
C74: HC - 7 Healthy Material Inputs | Q74: =IF(HLOOKUP(Q$59,$N$1:$Y$17,16,FALSE)=0,"",HLOOKUP(Q$59,$N$1:$Y$17,16,FALSE)) | R74: =IF(HLOOKUP(R$59,$N$1:$Y$17,16,FALSE)=0,"",HLOOKUP(R$59,$N$1:$Y$17,16,FALSE)) -> #N/A | S74: =IF(HLOOKUP(S$59,$N$1:$Y$17,16,FALSE)=0,"",HLOOKUP(S$59,$N$1:$Y$17,16,FALSE)) -> #N/A | T74: =IF(HLOOKUP(T$59,$N$1:$Y$17,16,FALSE)=0,"",HLOOKUP(T$59,$N$1:$Y$17,16,FALSE)) -> #N/A | U74: =IF(HLOOKUP(U$59,$N$1:$Y$17,16,FALSE)=0,"",HLOOKUP(U$59,$N$1:$Y$17,16,FALSE)) -> #N/A | V74: =IF(HLOOKUP(V$59,$N$1:$Y$17,16,FALSE)=0,"",HLOOKUP(V$59,$N$1:$Y$17,16,FALSE)) -> #N/A | W74: =IF(HLOOKUP(W$59,$N$1:$Y$17,16,FALSE)=0,"",HLOOKUP(W$59,$N$1:$Y$17,16,FALSE)) -> #N/A | X74: =IF(HLOOKUP(X$59,$N$1:$Y$17,16,FALSE)=0,"",HLOOKUP(X$59,$N$1:$Y$17,16,FALSE)) -> #N/A | ... AT74: =IF(HLOOKUP(AT$59,$N$1:$Y$17,16,FALSE)=0,"",HLOOKUP(AT$59,$N$1:$Y$17,16,FALSE)) -> #N/A
Q75: =IF(HLOOKUP(Q$59,$N$1:$Y$17,17,FALSE)=0,"",HLOOKUP(Q$59,$N$1:$Y$17,17,FALSE)) | R75: =IF(HLOOKUP(R$59,$N$1:$Y$17,17,FALSE)=0,"",HLOOKUP(R$59,$N$1:$Y$17,17,FALSE)) -> #N/A | S75: =IF(HLOOKUP(S$59,$N$1:$Y$17,17,FALSE)=0,"",HLOOKUP(S$59,$N$1:$Y$17,17,FALSE)) -> #N/A | T75: =IF(HLOOKUP(T$59,$N$1:$Y$17,17,FALSE)=0,"",HLOOKUP(T$59,$N$1:$Y$17,17,FALSE)) -> #N/A | U75: =IF(HLOOKUP(U$59,$N$1:$Y$17,17,FALSE)=0,"",HLOOKUP(U$59,$N$1:$Y$17,17,FALSE)) -> #N/A | V75: =IF(HLOOKUP(V$59,$N$1:$Y$17,17,FALSE)=0,"",HLOOKUP(V$59,$N$1:$Y$17,17,FALSE)) -> #N/A | W75: =IF(HLOOKUP(W$59,$N$1:$Y$17,17,FALSE)=0,"",HLOOKUP(W$59,$N$1:$Y$17,17,FALSE)) -> #N/A | X75: =IF(HLOOKUP(X$59,$N$1:$Y$17,17,FALSE)=0,"",HLOOKUP(X$59,$N$1:$Y$17,17,FALSE)) -> #N/A | ... AT75: =IF(HLOOKUP(AT$59,$N$1:$Y$17,17,FALSE)=0,"",HLOOKUP(AT$59,$N$1:$Y$17,17,FALSE)) -> #N/A
C76: Select '-' and determine product type to insert a new row. Fill in Product Name and Company. Determine quantity used in the units provided. Select means of compliance. Points are automatically calculated. Max 15 rows, contact NZGBC if more are required.
C78: Product Type | D78: Product Name | E78: Company | F78: Quantity | H78: Means of Compliance | I78: Points
B79: 1 | C79: Floor Coverings | G79: =IF(OR(C79="-",C79=""),"",VLOOKUP(C79,$AG$3:$AH$16,2,FALSE)) -> m2 | I79: =IF(C79="-","",IF(OR(ISBLANK(H79),H79="Not compliant"),0,1)) -> 0
B80: 2 | C80: - | G80: =IF(OR(C80="-",C80=""),"",VLOOKUP(C80,$AG$3:$AH$16,2,FALSE)) | I80: =IF(C80="-","",IF(OR(ISBLANK(H80),H80="Not compliant"),0,1))
B81: 3 | C81: - | G81: =IF(OR(C81="-",C81=""),"",VLOOKUP(C81,$AG$3:$AH$16,2,FALSE)) | I81: =IF(C81="-","",IF(OR(ISBLANK(H81),H81="Not compliant"),0,1))
B82: 4 | C82: - | G82: =IF(OR(C82="-",C82=""),"",VLOOKUP(C82,$AG$3:$AH$16,2,FALSE)) | I82: =IF(C82="-","",IF(OR(ISBLANK(H82),H82="Not compliant"),0,1))
B83: 5 | C83: - | G83: =IF(OR(C83="-",C83=""),"",VLOOKUP(C83,$AG$3:$AH$16,2,FALSE)) | I83: =IF(C83="-","",IF(OR(ISBLANK(H83),H83="Not compliant"),0,1))
B84: 6 | C84: - | G84: =IF(OR(C84="-",C84=""),"",VLOOKUP(C84,$AG$3:$AH$16,2,FALSE)) | I84: =IF(C84="-","",IF(OR(ISBLANK(H84),H84="Not compliant"),0,1))
B85: 7 | C85: - | G85: =IF(OR(C85="-",C85=""),"",VLOOKUP(C85,$AG$3:$AH$16,2,FALSE)) | I85: =IF(C85="-","",IF(OR(ISBLANK(H85),H85="Not compliant"),0,1))
B86: 8 | C86: - | G86: =IF(OR(C86="-",C86=""),"",VLOOKUP(C86,$AG$3:$AH$16,2,FALSE)) | I86: =IF(C86="-","",IF(OR(ISBLANK(H86),H86="Not compliant"),0,1))
B87: 9 | C87: - | G87: =IF(OR(C87="-",C87=""),"",VLOOKUP(C87,$AG$3:$AH$16,2,FALSE)) | I87: =IF(C87="-","",IF(OR(ISBLANK(H87),H87="Not compliant"),0,1))
B88: 10 | C88: - | G88: =IF(OR(C88="-",C88=""),"",VLOOKUP(C88,$AG$3:$AH$16,2,FALSE)) | I88: =IF(C88="-","",IF(OR(ISBLANK(H88),H88="Not compliant"),0,1))
B89: 11 | C89: - | G89: =IF(OR(C89="-",C89=""),"",VLOOKUP(C89,$AG$3:$AH$16,2,FALSE)) | I89: =IF(C89="-","",IF(OR(ISBLANK(H89),H89="Not compliant"),0,1))
B90: 12 | C90: - | G90: =IF(OR(C90="-",C90=""),"",VLOOKUP(C90,$AG$3:$AH$16,2,FALSE)) | I90: =IF(C90="-","",IF(OR(ISBLANK(H90),H90="Not compliant"),0,1))
... B92: 14 | C92: - | G92: =IF(OR(C92="-",C92=""),"",VLOOKUP(C92,$AG$3:$AH$16,2,FALSE)) | I92: =IF(C92="-","",IF(OR(ISBLANK(H92),H92="Not compliant"),0,1))
B93: 15 | C93: - | G93: =IF(OR(C93="-",C93=""),"",VLOOKUP(C93,$AG$20:$AH$22,2,FALSE)) | I93: =IF(C93="-","",IF(OR(ISBLANK(H93),H93="Not compliant"),0,1))

Sheet Climate Change Checklist
C2: Climate Risk Checklist
C5: Total Points LV5
C6: Adaptation and Resilience | D6: =SUM(E9:E10) -> 0
C9: Risk Assessment Method | E9: =IF(D9="Detailed report",1,IF(D12=0,0.5,0)) -> 0
C10: Solutions | E10: =IF(D10="Two implemented",1,0) -> 0
C12: Checklist criteria to complete | D12: =IF(D9="Simplified checklist",COUNTBLANK(F20:F27),"")
C14: Resources | D14: Natural Hazards Portal
D15: NIWA Coastal Flood Layers Viewer
D16: Protect your home from outdoor fire
C19: Risks/Adaptation Response | D19: Criteria | F19: Criteria response | G19: Comments [If answered yes, provide further explanation]
C20: Climate projections | D20: Have future climate change projections for the project location been reviewed based on relevant national or local climate projections?
C21: Previous climate events | D21: Has the project area been impacted previously by extreme climate events? Please indicate which events.
C22: Flooding | D22: Is the project located in or adjacent to a flood plain or flood prone area?
C23: Coastal inundation and sea level rise | D23: Is the project located adjacent to the coastline, tidally influenced waterway or within an area with potential for high or tidally-influenced groundwater levels?
C24: Wildfires | D24: Is the project located in an area with potential bushfire risk? Have risks from the above hazards to the building elements, operation, or occupants been identified?
C25: Other hazards / risks | D25: Have other possible hazards been considered (i.e., earthquake, landslides, extreme wind).
C26: Adaptation Response | D26: Have adaptation options been identified for any key risks? If yes, please describe the design or operational measure. OR Has the project considered alternative provisions to basic human needs i.e., access to potable water, electricity, etc. in a climate event?
C27: Vulnerable groups | D27: Will the project accommodate occupants who may be vulnerable to the impacts of climate extremes? (e.g. children, elderly, low mobility, seeking medical treatment). Please indicate potential groups of vulnerable occupants and which hazards they are likely to be exposed to.

Sheet Change Log
B3: Change Log
B5: Version | C5: Release Date | D5: Notes
B7: 5.1 | C7: 44725 | D7: Altered water use threholds and mandatory minimums, worst case sink and laundry tap combined, defaults for no dishwash and washing machine added,
B8: 5.1.1 | C8: 44809 | D8: Added Overheating calc. Added location master lookup table (in Data sheet)
B9: 5.1.2 | C9: 44843 | D9: Fixed water calculator (stormwater) (Dani) Fixed formula in daylight calculator
B10: 5.1.3 | C10: 44942 | D10: Daylight Calculator cell AQ26: fixed formula inconsistency with cells below. Data validation added to warn against entering alternative step inputs (number of window type in room) if non-alternative steps are already selected. Other data validation added to force decimal numbers within reasonable ranges.
B11: 5.1.4 | C11: 45639 | D11: Fixed resource efficiency calculation Fixed 0 bedroom option for studio Added EF2: Urban Density to summary page

Sheet Data
A2: Risks of Overheating
A3: 1. Site Location
A4: XXX | B4: Low risk
A5: XXX | B5: Medium risk
A6: XXX | B6: High risk
A7: - | B7: n/a
A8: 2. Urban Heat Island
A9: Rural | B9: Low risk
A10: Suburban | B10: Medium risk
A11: City | B11: High risk
A12: - | B12: n/a
A13: 3. Openable windows
A14: None | B14: n/a
A15: One | B15: Low risk
A16: Two | B16: Medium risk
A17: Three | B17: High risk
A18: - | B18: n/a
A19: 4. External Heat loss
A20: Standalone | B20: Low risk
A21: Terrace | B21: Medium risk
A22: Apartment | B22: High risk
A23: - | B23: n/a
A24: 5. Glazing
A25: <15% | B25: Low risk
A26: 15% - 30% | B26: Medium risk
A27: >30% | B27: High risk
A28: - | B28: n/a
A29: 6. Natural Ventilation
A30: Yes, with windows on opposite or adjacent facades | B30: Low risk
A31: No, but there are windows on opposite or adjacent facades | B31: Medium risk
A32: No, windows only on one façade | B32: High risk
A33: - | B33: n/a
A34: 7. Thermal Mass
A35: Low mass floor and low mass walls | B35: Low risk
A36: High mass floor and low mass walls | B36: Medium risk
A37: High mass floors and walls | B37: High risk
A38: - | B38: n/a
A39: 8. Site Shading
A40: Shading higher than the glazing | B40: Low risk
A41: Shading the same height as glazing | B41: Medium risk
A42: None | B42: High risk
A43: - | B43: n/a
A44: 9. External Shading
A45: Full shading | B45: Low risk
A46: Partial shading | B46: Medium risk
A47: No shading | B47: n/a
A48: - | B48: n/a
A49: 10. Orientation
A50: South or East | B50: Low risk
A51: North | B51: Medium risk
A52: West | B52: High risk
A53: - | B53: n/a
A55: Additional Factors
A56: Yes | B56: Low risk
A57: No | B57: n/a
A58: - | B58: n/a
A60: =SUM(Overheating!F14:F33)-SUM(Overheating!M14:M27) -> #N/A
A62: Overall Rating
A63: 36 | B63: High probability of overheating. Dynamic modelling according to CIBSE TM59 is required. See Homestar Technical Manual. | C63: High
A64: 35-19 | B64: Medium likelihood of overheating. To reduce risk of overheating, dynamic modelling is recommended to identify positive design changes. ECCHO can be used, however it is recommended to use dynamic modelling. | C64: Medium
A65: 18 | B65: Low risk of overheating. Overheating reduction and mitigation design factors are incorporated. ECCHO can be used. | C65: Low
A67: Numbers
A68: 1
A69: 2
A70: 3
A72: Location | B72: Jan | C72: Feb | D72: Mar | E72: Apr | F72: May | G72: Jun | H72: Jul | I72: Aug | J72: Sep | K72: Oct | L72: Nov | M72: Dec | N72: max | O72: Total
A73: -
A74: Auckland | B74: 529 | C74: 747 | D74: 380 | E74: 26 | F74: 0 | G74: 0 | H74: 0 | I74: 0 | J74: 0 | K74: 1 | L74: 12 | M74: 39 | N74: =MAX(B74:M74) -> 747 | O74: =SUM(B74:M74) -> 1734 | P74: =CONCATENATE(IF(O74<888,"Low risk",""),IF(O74>=(888*2),"High risk",""),IF(AND(O74>=888,O74<(888*2)),"Medium risk","")) -> Medium risk | Q74: =CONCATENATE(IF(O74<261,"Low risk",""),IF(O74>=(261*2),"High risk",""),IF(AND(O74>=261,O74<(261*2)),"Medium risk","")) -> High risk
A75: Tauranga | B75: 793 | C75: 561 | D75: 398 | E75: 87 | F75: 0 | G75: 0 | H75: 0 | I75: 0 | J75: 0 | K75: 5 | L75: 46 | M75: 464 | N75: =MAX(B75:M75) -> 793 | O75: =SUM(B75:M75) -> 2354 | P75: =CONCATENATE(IF(O75<888,"Low risk",""),IF(O75>=(888*2),"High risk",""),IF(AND(O75>=888,O75<(888*2)),"Medium risk","")) -> High risk | Q75: =CONCATENATE(IF(O75<261,"Low risk",""),IF(O75>=(261*2),"High risk",""),IF(AND(O75>=261,O75<(261*2)),"Medium risk","")) -> High risk
A76: Christchurch | B76: 519 | C76: 382 | D76: 216 | E76: 59 | F76: 2 | G76: 0 | H76: 0 | I76: 0 | J76: 29 | K76: 25 | L76: 113 | M76: 528 | N76: =MAX(B76:M76) -> 528 | O76: =SUM(B76:M76) -> 1873 | P76: =CONCATENATE(IF(O76<888,"Low risk",""),IF(O76>=(888*2),"High risk",""),IF(AND(O76>=888,O76<(888*2)),"Medium risk","")) -> High risk | Q76: =CONCATENATE(IF(O76<261,"Low risk",""),IF(O76>=(261*2),"High risk",""),IF(AND(O76>=261,O76<(261*2)),"Medium risk","")) -> High risk
A77: Central Otago | B77: 619 | C77: 350 | D77: 110 | E77: 0 | F77: 0 | G77: 0 | H77: 0 | I77: 0 | J77: 11 | K77: 22 | L77: 195 | M77: 407 | N77: =MAX(B77:M77) -> 619 | O77: =SUM(B77:M77) -> 1714 | P77: =CONCATENATE(IF(O77<888,"Low risk",""),IF(O77>=(888*2),"High risk",""),IF(AND(O77>=888,O77<(888*2)),"Medium risk","")) -> Medium risk | Q77: =CONCATENATE(IF(O77<261,"Low risk",""),IF(O77>=(261*2),"High risk",""),IF(AND(O77>=261,O77<(261*2)),"Medium risk","")) -> High risk
A78: Napier | B78: 551 | C78: 636 | D78: 358 | E78: 163 | F78: 14 | G78: 0 | H78: 0 | I78: 0 | J78: 14 | K78: 92 | L78: 112 | M78: 724 | N78: =MAX(B78:M78) -> 724 | O78: =SUM(B78:M78) -> 2664 | P78: =CONCATENATE(IF(O78<888,"Low risk",""),IF(O78>=(888*2),"High risk",""),IF(AND(O78>=888,O78<(888*2)),"Medium risk","")) -> High risk | Q78: =CONCATENATE(IF(O78<261,"Low risk",""),IF(O78>=(261*2),"High risk",""),IF(AND(O78>=261,O78<(261*2)),"Medium risk","")) -> High risk
A79: Paraparaumu | B79: 119 | C79: 245 | D79: 38 | E79: 2 | F79: 0 | G79: 0 | H79: 0 | I79: 0 | J79: 0 | K79: 0 | L79: 0 | M79: 18 | N79: =MAX(B79:M79) -> 245 | O79: =SUM(B79:M79) -> 422 | P79: =CONCATENATE(IF(O79<888,"Low risk",""),IF(O79>=(888*2),"High risk",""),IF(AND(O79>=888,O79<(888*2)),"Medium risk","")) -> Low risk | Q79: =CONCATENATE(IF(O79<261,"Low risk",""),IF(O79>=(261*2),"High risk",""),IF(AND(O79>=261,O79<(261*2)),"Medium risk","")) -> Medium risk
A80: Nelson | B80: 338 | C80: 352 | D80: 81 | E80: 21 | F80: 1 | G80: 0 | H80: 0 | I80: 0 | J80: 0 | K80: 14 | L80: 33 | M80: 121 | N80: =MAX(B80:M80) -> 352 | O80: =SUM(B80:M80) -> 961 | P80: =CONCATENATE(IF(O80<888,"Low risk",""),IF(O80>=(888*2),"High risk",""),IF(AND(O80>=888,O80<(888*2)),"Medium risk","")) -> Medium risk | Q80: =CONCATENATE(IF(O80<261,"Low risk",""),IF(O80>=(261*2),"High risk",""),IF(AND(O80>=261,O80<(261*2)),"Medium risk","")) -> High risk
A81: Kaitaia | B81: 612 | C81: 440 | D81: 485 | E81: 57 | F81: 12 | G81: 0 | H81: 0 | I81: 0 | J81: 0 | K81: 2 | L81: 6 | M81: 58 | N81: =MAX(B81:M81) -> 612 | O81: =SUM(B81:M81) -> 1672 | P81: =CONCATENATE(IF(O81<888,"Low risk",""),IF(O81>=(888*2),"High risk",""),IF(AND(O81>=888,O81<(888*2)),"Medium risk","")) -> Medium risk | Q81: =CONCATENATE(IF(O81<261,"Low risk",""),IF(O81>=(261*2),"High risk",""),IF(AND(O81>=261,O81<(261*2)),"Medium risk","")) -> High risk
A82: Dunedin | B82: 129 | C82: 48 | D82: 9 | E82: 1 | F82: 0 | G82: 0 | H82: 0 | I82: 0 | J82: 5 | K82: 11 | L82: 73 | M82: 30 | N82: =MAX(B82:M82) -> 129 | O82: =SUM(B82:M82) -> 306 | P82: =CONCATENATE(IF(O82<888,"Low risk",""),IF(O82>=(888*2),"High risk",""),IF(AND(O82>=888,O82<(888*2)),"Medium risk","")) -> Low risk | Q82: =CONCATENATE(IF(O82<261,"Low risk",""),IF(O82>=(261*2),"High risk",""),IF(AND(O82>=261,O82<(261*2)),"Medium risk","")) -> Medium risk
A83: Queenstown | B83: 222 | C83: 339 | D83: 20 | E83: 0 | F83: 0 | G83: 0 | H83: 0 | I83: 0 | J83: 0 | K83: 1 | L83: 30 | M83: 269 | N83: =MAX(B83:M83) -> 339 | O83: =SUM(B83:M83) -> 881 | P83: =CONCATENATE(IF(O83<888,"Low risk",""),IF(O83>=(888*2),"High risk",""),IF(AND(O83>=888,O83<(888*2)),"Medium risk","")) -> Low risk | Q83: =CONCATENATE(IF(O83<261,"Low risk",""),IF(O83>=(261*2),"High risk",""),IF(AND(O83>=261,O83<(261*2)),"Medium risk","")) -> High risk
A84: Rotorua | B84: 353 | C84: 386 | D84: 40 | E84: 18 | F84: 0 | G84: 0 | H84: 0 | I84: 0 | J84: 0 | K84: 1 | L84: 14 | M84: 67 | N84: =MAX(B84:M84) -> 386 | O84: =SUM(B84:M84) -> 879 | P84: =CONCATENATE(IF(O84<888,"Low risk",""),IF(O84>=(888*2),"High risk",""),IF(AND(O84>=888,O84<(888*2)),"Medium risk","")) -> Low risk | Q84: =CONCATENATE(IF(O84<261,"Low risk",""),IF(O84>=(261*2),"High risk",""),IF(AND(O84>=261,O84<(261*2)),"Medium risk","")) -> High risk
A85: Invercargill | B85: 118 | C85: 77 | D85: 4 | E85: 0 | F85: 0 | G85: 0 | H85: 0 | I85: 0 | J85: 0 | K85: 0 | L85: 0 | M85: 5 | N85: =MAX(B85:M85) -> 118 | O85: =SUM(B85:M85) -> 204 | P85: =CONCATENATE(IF(O85<888,"Low risk",""),IF(O85>=(888*2),"High risk",""),IF(AND(O85>=888,O85<(888*2)),"Medium risk","")) -> Low risk | Q85: =CONCATENATE(IF(O85<261,"Low risk",""),IF(O85>=(261*2),"High risk",""),IF(AND(O85>=261,O85<(261*2)),"Medium risk","")) -> Low risk
... A91: Hokitika | B91: 146 | C91: 21 | D91: 32 | E91: 0 | F91: 0 | G91: 0 | H91: 0 | I91: 0 | J91: 0 | K91: 0 | L91: 1 | M91: 0 | N91: =MAX(B91:M91) -> 146 | O91: =SUM(B91:M91) -> 200 | P91: =CONCATENATE(IF(O91<888,"Low risk",""),IF(O91>=(888*2),"High risk",""),IF(AND(O91>=888,O91<(888*2)),"Medium risk","")) -> Low risk | Q91: =CONCATENATE(IF(O91<261,"Low risk",""),IF(O91>=(261*2),"High risk",""),IF(AND(O91>=261,O91<(261*2)),"Medium risk","")) -> Low risk
A99: Location | B99: Year average | C99: Month max
A100: =A74 -> Auckland | B100: =P74 -> Medium risk | C100: =Q74 -> High risk
A101: =A75 -> Tauranga | B101: =P75 -> High risk | C101: =Q75 -> High risk
A102: =A76 -> Christchurch | B102: =P76 -> High risk | C102: =Q76 -> High risk
A103: =A77 -> Central Otago | B103: =P77 -> Medium risk | C103: =Q77 -> High risk
A104: =A78 -> Napier | B104: =P78 -> High risk | C104: =Q78 -> High risk
A105: =A79 -> Paraparaumu | B105: =P79 -> Low risk | C105: =Q79 -> Medium risk
A106: =A80 -> Nelson | B106: =P80 -> Medium risk | C106: =Q80 -> High risk
A107: =A81 -> Kaitaia | B107: =P81 -> Medium risk | C107: =Q81 -> High risk
A108: =A82 -> Dunedin | B108: =P82 -> Low risk | C108: =Q82 -> Medium risk
A109: =A83 -> Queenstown | B109: =P83 -> Low risk | C109: =Q83 -> High risk
A110: =A84 -> Rotorua | B110: =P84 -> Low risk | C110: =Q84 -> High risk
A111: =A85 -> Invercargill | B111: =P85 -> Low risk | C111: =Q85 -> Low risk
... A117: =A91 -> Hokitika | B117: =P91 -> Low risk | C117: =Q91 -> Low risk
A121: Master Location | B121: H1 Location | C121: EHC-6 Heating | D121: Cooling | E121: ECCHO Location | F121: EHC-1 and 2 | G121: Water Location | H121: Water Zone | I121: H1 5th
A122: Far North District | B122: Far North District | C122: Northland | D122: Kaitaia | E122: Kaitaia | F122: 1 | G122: Kaitaia | H122: C | I122: 1
A123: Whangarei District | B123: Whangarei District | C123: Northland | D123: Kerikeri | E123: Kaitaia | F123: 1 | G123: Whangarei | H123: B | I123: 1
A124: Kaipara District | B124: Kaipara District | C124: Northland | D124: Kerikeri | E124: Kaitaia | F124: 1 | G124: Whangarei | H124: B | I124: 1
A125: Auckland | B125: Auckland | C125: Auckland | D125: Auckland | E125: Auckland | F125: 1 | G125: Auckland | H125: C | I125: 1
A126: Thames-Coromandel district | B126: Thames-Coromandel district | C126: Auckland | D126: Auckland | E126: Auckland | F126: 1 | G126: Auckland | H126: B | I126: 1
...

Sheet DRE
B1: Resource Efficiency | J1: Density Ratio
B2: Number of bedrooms | H2: Points | J2: Ratio | K2: Points
B3: 1 Bedroom (m²) | C3: 2 Bedrooms (m²) | D3: 3 Bedrooms (m²) | E3: 4 Bedrooms (m²) | F3: 5 Bedrooms (m²) | G3: 6 + Bedrooms (m²) | I3: Values for selected bed # | J3: Total floor area of dwelling : Building Footprint
B4: 63 | C4: 105 | D4: 144 | E4: 174 | F4: 193 | G4: 200 | H4: 0.5 | I4: =INDEX(B4:G4,1,$P$7) -> 63 | J4: 2 | K4: 1 | N4: Building Footprint (m2): | P4: =Summary!$D$21 -> 0
B5: 62 | C5: 101 | D5: 137 | E5: 166 | F5: 185 | G5: 192 | H5: 1 | I5: =INDEX(B5:G5,1,$P$7) -> 62 | J5: 3 | K5: 2 | N5: Gross Floor Area (m2): | P5: NA
B6: 59 | C6: 96 | D6: 131 | E6: 160 | F6: 178 | G6: 185 | H6: 1.5 | I6: =INDEX(B6:G6,1,$P$7) -> 59 | J6: 5 | K6: 3 | N6: Conditioned Space (m2): | P6: =Summary!$D$22 -> 0
B7: 57 | C7: 91 | D7: 126 | E7: 152 | F7: 169 | G7: 176 | H7: 2 | I7: =INDEX(B7:G7,1,$P$7) -> 57 | N7: Effective # of Bedrooms: | P7: =IF(Summary!$D$23>=6,6,IF(Summary!$D$23=0,1,Summary!$D$23)) -> 1
B8: 54 | C8: 88 | D8: 119 | E8: 146 | F8: 162 | G8: 169 | H8: 2.5 | I8: =INDEX(B8:G8,1,$P$7) -> 54 | M8: EF1 | N8: Reseource Efficiency | P8: =IF(P6>I4,0,IF(P6<=I11,4,INDEX($H$4:$H$11,MATCH($P$6,$I$4:$I$11,-1),1))) -> 4
B9: 51 | C9: 83 | D9: 115 | E9: 139 | F9: 155 | G9: 162 | H9: 3 | I9: =INDEX(B9:G9,1,$P$7) -> 51 | M9: EF2 | N9: Density (moved to scorecard) | P9: =IFERROR(IF(P6/P4>=5,3,IF(P6/P4>=3,2,IF(P6/P4>=2,1,0))),0) -> 0
B10: 48 | C10: 79 | D10: 110 | E10: 132 | F10: 149 | G10: 156 | H10: 3.5 | I10: =INDEX(B10:G10,1,$P$7) -> 48
B11: 46 | C11: 76 | D11: 104 | E11: 123 | F11: 143 | G11: 150 | H11: 4 | I11: =INDEX(B11:G11,1,$P$7) -> 46
